Year,favor_nuclear,oppose_nuclear,U.S.-origin uranium (weighted-average price),Foreign-origin uranium (weighted-average price),Nuclear Fuel Share (Percent),"Nuclear Generating Units, Net Summer Capacity","Nuclear Generating Units, Total Operable Units",nuclear_support_pct,nuclear_opposition_pct,republican_nuclear_support_pct,independents_nuclear_support_pct,democrats_nuclear_support_pct,pct_prefer_nonrenewable_energy,pct_prefer_alternative_energy,pct_concern_energy_affordability,percent_favor,percent_oppose,percent_strongly_favor,percent_strongly_oppose,Nuclear Share of Electricity Net Generation,age_18-29,age_30-44,age_45-64,age_65+,econ_v_envt_DK,"econ_v_envt_Economic Growth Priority, even if enviornment suffers to some extent",econ_v_envt_Equal Priority (VOL),"econ_v_envt_Protect Environment, even at risk of curbing economic growth",econ_v_envt_REF,educ_College Grad only,educ_DK/REF,educ_HS or Less,educ_Post-grad,educ_Some college,energyserious_DK,energyserious_Fairly serious,energyserious_Not at all serious,energyserious_REF,energyserious_Very serious,engy_v_envt_Both Equally (VOL),engy_v_envt_DK,engy_v_envt_Developing Energy Supplies Given Priority,engy_v_envt_Neither/Other (VOL),"engy_v_envt_Protect Enviornment, even at risk of limiting energy supplies",engy_v_envt_REF,envt1_DK,envt1_Excellent,envt1_Good,envt1_Only Fair,envt1_Poor,envt1_REF,envt2_DK,envt2_Getting Better,envt2_Getting Worse,envt2_REF,envt2_Same (VOL),govprotect_About the right amount,govprotect_DK,govprotect_REF,govprotect_Too little,govprotect_Too much,gw_serious_DK,gw_serious_Generally exaggerated,gw_serious_Generally underestimated,gw_serious_Gennerally correct,gw_serious_REF,gw_understand_DK,gw_understand_Fairly well,gw_understand_Not at all,gw_understand_Not very well,gw_understand_REF,gw_understand_Very well,nucfav_DK,nucfav_REF,party_DK,party_Democrat,"party_Independent, no lean",party_Lean Democratic,party_Lean Republican,party_Republican,prezjob_energy_DK,prezjob_energy_Fair/Mixed (VOL),prezjob_energy_Good job,prezjob_energy_Poor job,prezjob_energy_REF,religion_Adventists Church,religion_Agnostic,religion_Atheist,religion_Buddhism,religion_Catholic,religion_Christian Science,religion_DK,religion_Hinduism,religion_Jehovahs Witness,religion_Jewish,religion_Mennonite/Amish,religion_Mormon,religion_Muslim,religion_Orthodox,religion_Other,religion_Other Christian,religion_Other Non-Christian,religion_Protestant,religion_REF
2000,0,0,,,19.8,97.86,104,,,,,,,,,58,42,29,15,19.8,0.184924623,0.318592965,0.324623116,0.018090452,0.015936255,0.2649402390438247,0.027888446,0.6842629482071713,0.006972112,0.2001992031872509,0.005976096,0.3306772908366533,0.1683266932270916,0.2948207171314741,,,,,,,,,,,,,,,,,,,,,,,0.3157370517928287,0.015936255,0.002988048,0.5717131474103586,0.093625498,,,,,,,,,,,,,,,0.3237051792828685,0.1254980079681275,0.148406375,0.1155378486055776,0.2868525896414343,,,,,,,,,,,,,,,,,,,,,,,,
2001,0.492094862,0.456521739,,,20.6,98.159,104,46,48,55%,47%,34%,,,46,57,43,27,15,20.6,0.157142857,0.297142857,0.357142857,0.02,0.029245283,0.3216981132075471,0.068867925,0.5735849056603773,0.006603774,0.1915094339622641,0.001886792,0.3339622641509434,0.1858490566037735,0.2867924528301886,0.010377358,0.5830188679245283,0.09245283,,0.3141509433962264,0.058490566,0.035849057,0.3518867924528301,0.018867925,0.5349056603773585,,0.009433962,0.047169811,0.4254716981132075,0.4584905660377358,0.058490566,0.000943396,0.013207547,0.3669811320754716,0.5650943396226416,0.002830189,0.051886792,0.3084905660377358,0.024528302,0.003773585,0.5584905660377358,0.1047169811320754,0.041509434,0.2981132075471698,0.3037735849056603,0.3566037735849056,,0.005660377,0.5490566037735849,0.051886792,0.2292452830188679,,0.1641509433962264,0.051383399,,,0.3273584905660377,0.083018868,0.1179245283018868,0.1245283018867924,0.3471698113207547,0.062264151,0.060377358,0.5764150943396227,0.3009433962264151,,,,,,,,,,,,,,,,,,,,
2002,0,0,10.89,10.29,20.2,98.657,104,,,,,,,,32,56,44,25,15,20.2,0.170340681,0.310621242,0.329659319,0.021042084,0.029821074,0.3797216699801193,0.061630219,0.5178926441351889,0.010934394,0.1669980119284294,0.003976143,0.3489065606361829,0.2037773359840954,0.2763419483101391,0.020874751,0.6371769383697813,0.1282306163021868,0.002982107,0.2107355864811133,0.036779324,0.023856859,0.3876739562624254,0.024850895,0.5228628230616302,0.003976143,0.004970179,0.042743539,0.4353876739562624,0.4473161033797216,0.069582505,,0.014910537,0.4005964214711729,0.5397614314115308,,0.04473161,,,,,,0.042743539,0.3151093439363817,0.3101391650099404,0.3280318091451292,0.003976143,0.001988072,0.5168986083499006,0.043737575,0.2504970178926441,0.001988072,0.1848906560636183,,,,0.2997987927565392,0.091549296,0.1237424547283702,0.1197183098591549,0.3651911468812877,0.088469185,0.083499006,0.4473161033797216,0.3757455268389662,0.004970179,,,,,,,,,,,,,,,,,,,
2003,0,0,10.81,10.81,19.7,99.209,104,,,,,,,,27,58,42,26,14,19.7,0.154618474,0.281124498,0.380522088,0.008032129,0.026919242,0.4267198404785643,0.075772682,0.460618146,0.00997009,0.1864406779661017,0.003988036,0.3020937188434696,0.2153539381854436,0.292123629,0.01894317,0.5822532402791625,0.1196410767696909,0.003988036,0.2751744765702891,0.044865404,0.020937188,0.3978065802592223,0.019940179,0.5024925224327019,0.013958126,0.005982054,0.052841476,0.3978065802592223,0.4546360917248255,0.088733799,,0.019940179,0.3399800598205383,0.5533399800598205,0.000997009,0.085742772,0.3895582329317269,0.030120482,0.004016064,0.5100401606425703,0.06626506,0.037886341,0.3389830508474576,0.3140578265204387,0.3030907278165503,0.005982054,,0.5423728813559322,0.047856431,0.2382851445663011,,0.1714855433698903,,,0.009009009,0.3193193193193193,0.086086086,0.1271271271271271,0.1081081081081081,0.3503503503503503,0.080757727,0.073778664,0.4007976071784646,0.4406779661016949,0.003988036,,,,,,,,,,,,,,,,,,,
2004,0.592901879,0.365344468,11.87,12.76,19.9,99.628,104,56,39,70%,51%,52%,,,35,60,40,30,13,19.9,0.146881288,0.29778672,0.371227364,0.014084507,0.026865672,0.426865672,0.054726368,0.4825870646766169,0.008955224,0.2248756218905472,0.007960199,0.3233830845771144,0.208955224,0.2348258706467661,0.016915423,0.5800995024875621,0.1343283582089552,0.002985075,0.2656716417910448,0.03681592,0.024875622,0.4388059701492537,0.012935323,0.48159204,0.004975124,0.000995025,0.049751244,0.3980099502487562,0.4537313432835821,0.097512438,,0.012935323,0.3621890547263681,0.5552238805970149,0.00199005,0.067661692,0.3859315589353612,0.022813688,,0.5456273764258555,0.045627376,0.032835821,0.382089552,0.3164179104477612,0.2626865671641791,0.005970149,0.000995025,0.527363184,0.045771144,0.2378109452736318,0.000995025,0.1870646766169154,0.039665971,0.002087683,,0.3206793206793207,0.081918082,0.1518481518481518,0.1068931068931069,0.3386613386613387,0.056716418,0.082587065,0.3422885572139303,0.5154228855721393,0.002985075,,,,,,,,,,,,,,,,,,,
2005,0.556680162,0.406882591,15.11,14.21,19.3,99.988,104,54,43,66%,56%,40%,,,39,59,41,32,12,19.3,0.112676056,0.259557344,0.422535211,0.015090543,0.02689243,0.3615537848605578,0.080677291,0.5199203187250996,0.010956175,0.2051792828685259,0.003984064,0.3127490039840637,0.1942231075697211,0.2838645418326693,0.015936255,0.5677290836653387,0.091633466,0.003984064,0.3207171314741036,0.038844622,0.021912351,0.4133466135458167,0.019920319,0.499003984,0.006972112,0.003984064,0.045816733,0.3774900398406374,0.4830677290836653,0.088645418,0.000996016,0.017928287,0.301792829,0.6105577689243028,0.00498008,0.064741036,0.3333333333333333,0.021568627,0.003921569,0.5901960784313726,0.050980392,0.039840637,0.3386454183266932,0.3167330677290836,0.300796813,0.003984064,0.000996016,0.547808765,0.051792829,0.2330677290836653,0.001992032,0.1643426294820717,0.030364372,0.006072874,,0.3313131313131313,0.06969697,0.1303030303030303,0.108080808,0.3606060606060606,0.061752988,0.072709163,0.3157370517928287,0.545816733,0.003984064,,0.004381161,0.002190581,0.00109529,0.2606790799561884,,0.005476451,0.004381161,0.002190581,0.023001095,0.002190581,0.019715225,0.002190581,0.009857612,0.014238773,0.083242059,,0.5509309967141293,0.014238773
2006,0.591633466,0.348605578,17.85,18.75,19.4,100.334,104,56,38,62%,55%,51%,,,48,58,42,30,13,19.4,0.104251012,0.234817814,0.427125506,0.018218623,0.025,0.378,0.07,0.511,0.016,0.192,0.003,0.295,0.256,0.254,0.006,0.523,0.066,0.004,0.401,0.043,0.016,0.427,0.022,0.482,0.01,0.003,0.045,0.37,0.48,0.101,0.001,0.019,0.258,0.65,0.006,0.067,0.3253012048192771,0.012048193,0.004016064,0.606425703,0.052208835,0.033,0.314,0.362,0.288,0.003,0.001,0.54,0.049,0.196,,0.214,0.055776892,0.003984064,,0.340793489,0.108850458,0.150559512,0.1017293997965412,0.2980671414038657,0.042,0.072,0.25,0.629,0.007,0.001109878,0.001109878,,0.004439512,0.2508324084350721,0.002219756,0.003329634,0.001109878,0.002219756,0.029966704,,0.019977802,0.001109878,0.007769145,0.022197558,0.065482797,0.001109878,0.5704772475027747,0.015538291
2007,0.557692308,0.398076923,28.89,33.05,19.4,100.266,104,53,43,63%,46%,49%,,,43,60,40,33,12,19.4,0.081918082,0.205794206,0.448551449,0.024975025,0.024777007,0.3577799801783944,0.045589693,0.5609514370664024,0.010901883,0.1803766105054509,0.004955401,0.3102081268582755,0.2239841427155599,0.2804757185332012,0.010901883,0.5480673934588701,0.07135778,0.001982161,0.3676907829534192,0.03567889,0.019821606,0.3617443012884043,0.023785927,0.5520317145688801,0.006937562,0.005946482,0.057482656,0.3686818632309217,0.4697720515361744,0.098116947,,0.011892963,0.2616451932606541,0.6531219028741329,,0.073339941,,,,,,0.025768087,0.3538156590683845,0.3161546085232903,0.3002973240832507,0.003964321,0.00099108,0.5550049554013875,0.031714569,0.1774033696729435,,0.2348860257680872,0.040384615,0.003846154,,0.3173173173173173,0.094094094,0.1601601601601601,0.096096096,0.3323323323323323,0.03666997,0.076313181,0.2596630327056491,0.6233894945490585,0.003964321,0.003367003,,,0.008978676,0.2345679012345679,0.002244669,0.002244669,0.001122334,0.001122334,0.03030303,,0.022446689,,0.005611672,0.021324355,0.057239057,,0.5869809203142536,0.022446689
2008,0,0,59.55,43.47,19.6,100.755,104,,,,,,,,47,59,41,31,13,19.6,0.116,0.237,0.406,0.02,0.027667984,0.4357707509881423,0.058300395,0.4673913043478261,0.010869565,0.2035573122529644,0.002964427,0.2727272727272727,0.2114624505928853,0.3092885375494071,0.005928854,0.4713438735177865,0.046442688,,0.4762845849802372,0.04743083,0.0256917,0.4100790513833992,0.020750988,0.4881422924901186,0.007905138,0.000988142,0.052371542,0.3567193675889328,0.4832015810276679,0.1057312252964426,0.000988142,0.01284585,0.2756916996047431,0.658102767,,0.053359684,,,,,,0.019762846,0.3656126482213438,0.2826086956521739,0.3290513833992095,0.002964427,0.000988142,0.575098814,0.022727273,0.1620553359683794,0.000988142,0.2381422924901186,,,,0.3396226415094339,0.074478649,0.1847070506454816,0.112214499,0.2889771598808341,0.038537549,0.071146245,0.2094861660079051,0.674901186,0.005928854,0.003307607,0.003307607,0.001102536,0.005512679,0.2524807056229327,0.001102536,0.01323043,0.005512679,0.002205072,0.030871003,,0.012127894,0.003307607,0.006615215,0.020948181,0.077177508,,0.5391400220507166,0.022050717
2009,0.646484375,0.32421875,48.92,45.35,20.2,101.004,104,59,37,76%,55%,54%,,,,61,39,33,12,20.2,0.106106106,0.199199199,0.443443443,0.022022022,0.01284585,0.5691699604743083,0.045454545,0.3606719367588933,0.011857708,0.1877470355731225,0.004940711,0.2806324110671936,0.2262845849802371,0.300395257,0.006916996,0.5079051383399209,0.062252964,,0.4229249011857707,0.024703557,0.013833992,0.5069169960474308,0.011857708,0.4328063241106719,0.009881423,0.002964427,0.052371542,0.3616600790513834,0.4387351778656126,0.1442687747035573,,0.017786561,0.4288537549407115,0.4891304347826087,0.003952569,0.06027668,,,,,,0.014822134,0.4466403162055335,0.258893281,0.2786561264822134,0.000988142,,,,,,,0.02734375,0.001953125,,0.3653653653653653,0.097097097,0.1441441441441441,0.1191191191191191,0.2742742742742742,0.038537549,0.028656126,0.6768774703557312,0.2519762845849802,0.003952569,0.001116071,0.003348214,0.001116071,0.005580357,0.2354910714285714,,0.006696429,0.002232143,0.001116071,0.034598214,,0.014508929,0.006696429,0.008928571,0.021205357,0.095982143,0.002232143,0.5357142857142857,0.0234375
2010,0.659763314,0.301775148,45.25,49.64,19.6,101.167,104,62,33,72%,66%,50%,,,38,64,36,33,10,19.6,0.101507538,0.170854271,0.413065327,0.021105528,0.026627219,0.5364891518737672,0.044378698,0.3747534516765286,0.017751479,0.1972386587771203,0.00591716,0.2544378698224852,0.2317554240631163,0.3106508875739645,0.006903353,0.5473372781065089,0.1084812623274161,0.00591716,0.3313609467455621,0.022682446,0.012820513,0.5216962524654832,0.020710059,0.4151873767258383,0.006903353,0.00295858,0.053254438,0.4437869822485207,0.4142011834319526,0.082840237,0.00295858,0.018737673,0.4516765285996055,0.4418145956607495,0.004930966,0.082840237,0.3461538461538461,0.022682446,0.00887574,0.4487179487179487,0.1735700197238658,0.017751479,0.5009861932938856,0.2337278106508875,0.2426035502958579,0.004930966,0.000986193,0.5562130177514792,0.025641026,0.1449704142011834,,0.272189349,0.034516765,0.003944773,,0.3083083083083083,0.1011011011011011,0.1361361361361361,0.1711711711711711,0.2832832832832833,0.055226824,0.046351085,0.4280078895463511,0.4625246548323471,0.007889546,0.001126126,0.004504505,0.002252252,0.003378378,0.2533783783783784,,0.004504505,0.002252252,0.004504505,0.02027027,,0.019144144,0.004504505,0.005630631,0.029279279,0.063063063,,0.5574324324324325,0.024774775
2011,0.626836435,0.327130264,52.12,55.98,19.3,101.419,104,57,38,70%,55%,45%,26,66,46,60,40,32,11,19.3,0.080757727,0.167497507,0.427716849,0.032901296,0.03036239,0.5582761998041136,0.05582762,0.345739471,0.009794319,0.1743388834476004,0.015670911,0.2899118511263467,0.2438785504407443,0.2761998041136141,0.011753183,0.4583741429970617,0.063663075,0.005876592,0.4603330068560235,0.035259549,0.041136141,0.5328109696376102,0.014691479,0.376101861,,,0.07639569,0.4250734573947111,0.4103819784524976,0.08619001,0.001958864,0.023506366,0.4211557296767874,0.4603330068560235,0.010773751,0.084231146,0.3408423114593535,0.018609207,0.00489716,0.4524975514201763,0.1831537708129285,0.021547502,0.4632713026444662,0.267384917,0.2428991185112634,0.00489716,0.001958864,0.544564153,0.03036239,0.1498530852105778,0.00489716,0.2683643486777669,0.042115573,0.003917728,,0.2914572864321608,0.089447236,0.1316582914572864,0.1628140703517588,0.3246231155778894,0.044074437,0.058765916,0.3751224289911851,0.5132223310479922,0.008814887,0.001114827,,0.001114827,0.004459309,0.209587514,0.001114827,0.005574136,0.001114827,0.006688963,0.018952062,,0.014492754,0.008918618,0.012263099,0.015607581,0.085841695,0.002229654,0.5696767001114827,0.041248606
2012,0.591170825,0.372360845,59.44,54.07,19,101.885,104,57,40,61%,58%,52%,34,59,48,59,41,31,12,19,0.10805501,0.15913556,0.374263261,0.038310413,0.015625,0.541992188,0.057617188,0.364257813,0.020507813,0.188476563,0.01171875,0.28125,0.233398438,0.28515625,0.012695313,0.495117188,0.064453125,0.0078125,0.419921875,0.028320313,0.028320313,0.5078125,0.021484375,0.400390625,0.013671875,0.00390625,0.071289063,0.438476563,0.40234375,0.083007813,0.000976563,0.022460938,0.446289063,0.44140625,0.005859375,0.083984375,0.305664063,0.017578125,0.006835938,0.455078125,0.21484375,0.020507813,0.451171875,0.27734375,0.248046875,0.002929688,0.00390625,0.568359375,0.02734375,0.123046875,0.002929688,0.274414063,0.026871401,0.009596929,,0.2942913385826771,0.097440945,0.1584645669291338,0.1505905511811023,0.2992125984251969,0.03515625,0.047851563,0.3984375,0.508789063,0.009765625,0.00110742,0.002214839,0.00110742,0.004429679,0.2513842746400886,,0.008859358,0.002214839,0.00110742,0.031007752,,0.031007752,0.005537099,0.004429679,0.021040975,0.068660022,,0.5348837209302325,0.031007752
2013,0.556751468,0.410958904,56.37,51.13,19.4,99.24,100,53,43,64%,52%,46%,31,59,35,60,40,32,11,19.4,0.13916501,0.181908549,0.374751491,0.026838966,0.028375734,0.4892367906066536,0.049902153,0.4119373776908023,0.020547945,0.1859099804305283,0.010763209,0.2710371819960861,0.2338551859099804,0.2984344422700587,0.015655577,0.5195694716242661,0.1183953033268101,0.008806262,0.337573386,0.026418787,0.018590998,0.4823874755381604,0.025440313,0.4315068493150685,0.015655577,0.004892368,0.073385519,0.4295499021526419,0.4138943248532289,0.077299413,0.000978474,0.032289628,0.4158512720156556,0.474559687,0.006849315,0.070450098,0.3180039138943248,0.019569472,0.003913894,0.4755381604696673,0.1829745596868884,0.023483366,0.4099804305283757,0.3131115459882583,0.24853229,0.004892368,0.003913894,0.53816047,0.031311155,0.149706458,0.000978474,0.2759295499021526,0.022504892,0.009784736,,0.337,0.094,0.133,0.154,0.282,0.042074364,0.045009785,0.4227005870841487,0.4814090019569471,0.008806262,0.002301496,0.006904488,0.001150748,0.00575374,0.2497123130034522,,0.009205984,0.010356732,0.003452244,0.02301496,,0.019562716,0.00575374,0.001150748,0.018411968,0.095512083,,0.5166858457997698,0.031070196
2014,0,0,48.11,46.03,19.5,98.569,99,,,,,,32,64,37,59,41,31,13,19.5,0.131400966,0.190338164,0.371980676,0.022222222,0.028625954,0.4541984732824427,0.044847328,0.4465648854961832,0.025763359,0.2022900763358778,0.005725191,0.3005725190839695,0.232824427,0.258587786,0.01240458,0.5114503816793893,0.1679389312977099,0.007633588,0.3005725190839695,0.044847328,0.022900763,0.4341603053435114,0.018129771,0.4666030534351145,0.013358779,0.005725191,0.063931298,0.4284351145038167,0.4036259541984733,0.097328244,0.000954198,0.010496183,0.4312977099236641,0.4942748091603053,0.005725191,0.058206107,0.3177480916030534,0.010496183,0.003816794,0.4589694656488549,0.2089694656488549,0.01240458,0.4570610687022901,0.3053435114503817,0.2194656488549618,0.005725191,,0.523854962,0.022900763,0.1374045801526717,,0.3158396946564885,,,,0.288085938,0.09765625,0.14453125,0.18359375,0.286132813,0.032442748,0.045801527,0.383587786,0.5305343511450382,0.007633588,0.001121076,,0.006726457,0.002242152,0.265695067,,0.013452915,0.004484305,0.003363229,0.024663677,,0.014573991,0.00896861,0.005605381,0.028026906,0.084080717,0.001121076,0.4977578475336323,0.038116592
2015,0.541463415,0.415609756,43.86,44.14,19.6,98.672,99,51,43,68%,48%,42%,,,28,58,42,30,12,19.5,0.127744511,0.155688623,0.368263473,0.021956088,0.026341463,0.4478048780487805,0.063414634,0.4497560975609756,0.012682927,0.2156097560975609,0.011707317,0.288780488,0.1882926829268292,0.2956097560975609,0.012682927,0.5063414634146342,0.2380487804878048,0.004878049,0.2380487804878048,0.04097561,0.034146341,0.4292682926829268,0.018536585,0.4585365853658537,0.018536585,0.005853659,0.075121951,0.4468292682926829,0.3863414634146341,0.083902439,0.00195122,0.021463415,0.424390244,0.4819512195121951,0.00097561,0.071219512,0.3229268292682927,0.017560976,0.00195122,0.4634146341463415,0.1941463414634146,0.013658537,0.4497560975609756,0.3258536585365854,0.2058536585365853,0.004878049,0.002926829,0.52,0.034146341,0.1756097560975609,0.00195122,0.2653658536585366,0.037073171,0.005853659,,0.2718253968253968,0.1101190476190476,0.1269841269841269,0.1825396825396825,0.308531746,0.043902439,0.047804878,0.3765853658536585,0.5287804878048781,0.002926829,0.001117318,0.002234637,,0.007821229,0.2558659217877095,0.001117318,0.006703911,0.003351955,0.003351955,0.024581006,0.001117318,0.027932961,0.008938547,0.005586592,0.015642458,0.087150838,0.003351955,0.5106145251396648,0.033519553
2016,0.480863592,0.495583906,43.92,42.26,19.8,99.565,99,44,54,53%,45%,34%,21,73,27,58,42,29,11,19.8,0.142857143,0.172239108,0.375886525,0.034447822,0.021589794,0.3915603532875368,0.052011776,0.5240431795878312,0.010794897,0.240431796,0.01373896,0.2266928361138371,0.1992149165848871,0.3199214916584887,0.014720314,0.4985279685966634,0.2502453385672227,0.003925417,0.2325809617271835,0.021589794,0.023552502,0.3621197252208047,0.010794897,0.5721295387634936,0.009813543,0.00686948,0.060843965,0.3827281648675171,0.4484789008832188,0.099116781,0.001962709,0.02060844,0.3581943081452404,0.5466143277723258,0.00686948,0.067713445,0.2855740922473013,0.019627085,0.002944063,0.5603532875368008,0.1315014720314033,0.017664377,0.3640824337585868,0.3797841020608439,0.2374877330716388,0.000981354,0.001962709,0.5564278704612365,0.038272816,0.1472031403336604,,0.2561334641805692,0.018645731,0.004906771,,0.3276553106212425,0.079158317,0.1533066132264529,0.1553106212424849,0.2845691382765531,0.036310108,0.051030422,0.4602551521099117,0.4524043179587831,,,0.002398082,0.001199041,0.003597122,0.2745803357314149,,0.008393285,0.005995204,0.001199041,0.032374101,,0.022781775,0.010791367,0.011990408,0.029976019,0.086330935,0.002398082,0.4556354916067146,0.050359712
2017,0,0,35.55,39.04,20,99.629,99,,,,,,23,71,27,57,43,28,10,19.9,0.160358566,0.1812749,0.349601594,0.028884462,0.021611002,0.3919449901768173,0.048133595,0.5206286836935167,0.017681729,0.2544204322200393,0.00589391,0.224950884,0.2092337917485265,0.3055009823182711,0.024557957,0.5088408644400786,0.2544204322200393,0.009823183,0.2023575638506876,0.025540275,0.016699411,0.3762278978388998,0.004911591,0.5589390962671905,0.017681729,0.002946955,0.076620825,0.4430255402750491,0.3968565815324165,0.075638507,0.004911591,0.017681729,0.37524558,0.550098232,0.007858546,0.049115914,0.2829076620825147,0.018664047,0.00589391,0.5530451866404715,0.1394891944990176,0.015717092,0.3664047151277014,0.3182711198428291,0.2946954813359528,0.004911591,0.000982318,0.5216110019646365,0.027504912,0.1424361493123772,,0.3074656188605108,,,,0.3013013013013013,0.078078078,0.1641641641641641,0.1601601601601601,0.2962962962962963,0.020628684,0.02259332,0.4823182711198428,0.4695481335952848,0.004911591,0.003571429,0.002380952,0.002380952,0.004761905,0.2476190476190476,,0.007142857,0.004761905,0.003571429,0.038095238,0.001190476,0.014285714,0.008333333,0.003571429,0.019047619,0.1047619047619047,0.002380952,0.4821428571428571,0.05
2018,0,0,45.26,38.11,19.3,99.433,98,,,,,,21,73,25,56,44,26,9,19.3,0.150485437,0.177669903,0.357281553,0.019417476,0.028818444,0.3554274735830932,0.042267051,0.5619596541786743,0.011527378,0.2478386167146974,0.008645533,0.2170989433237271,0.2046109510086455,0.3218059558117195,0.019212296,0.4918347742555235,0.2622478386167147,0.005763689,0.2209414024975984,0.028818444,0.014409222,0.3573487031700288,0.016330451,0.5734870317002881,0.009606148,0.000960615,0.07204611,0.3698366954851104,0.4476464937560038,0.1066282420749279,0.002881844,0.012487992,0.3487031700288184,0.5821325648414986,0.006724304,0.049951969,0.3045148895292987,0.008645533,0.003842459,0.5965417867435159,0.086455331,0.012487992,0.366954851,0.3746397694524496,0.2459173871277617,,0.000960615,0.5283381364073007,0.026897214,0.1316042267050912,0.000960615,0.3112391930835735,,,,0.286692759,0.1076320939334637,0.1741682974559686,0.1653620352250489,0.2661448140900195,0.039385207,0.047070125,0.3842459173871277,0.521613833,0.007684918,0.002380952,0.004761905,0.001190476,0.00952381,0.2869047619047619,,0.003571429,0.004761905,0.001190476,0.028571429,0.002380952,0.020238095,0.005952381,0.005952381,0.022619048,0.083333333,0.002380952,0.4666666666666667,0.047619048
2019,0.531598513,0.444237918,W,W,19.6,98.119,96,49,49,65%,42%,42%,,,28,55,45,24,8,19.6,0.128557409,0.196270854,0.324828263,0.024533857,0.011549567,0.3156881616939365,0.03946102,0.6227141482194418,0.010587103,0.2204042348411934,0.007699711,0.2281039461020211,0.2107795957651588,0.3330125120307988,,,,,,,,,,,,0.003849856,0.1049085659287776,0.3503368623676612,0.4032723772858518,0.1357074109720885,0.001924928,0.008662175,0.3368623676612127,0.615014437,0.002887392,0.036573628,0.3070259865255053,0.006737247,0.000962464,0.6044273339749759,0.080846968,0.012512031,0.3705486044273339,0.3926852743022136,0.219441771,0.00481232,0.000962464,0.548604427,0.021174206,0.1376323387872954,0.002887392,0.2887391722810394,0.014869888,0.00929368,,0.3052837573385518,0.085127202,0.1614481409001956,0.1487279843444227,0.299412916,0.035611165,0.023099134,0.4013474494706448,0.5370548604427334,0.002887392,0.002350176,0.002350176,0.001175088,0.005875441,0.2326674500587544,,0.002350176,0.004700353,0.003525264,0.042303173,,0.027027027,0.008225617,0.009400705,0.022326675,0.1163337250293772,0.003525264,0.4770857814336075,0.038777908
2020,0,0,W,W,19.7,96.501,94,,,,,,,,22,60,25,32,8,19.7,0.149700599,0.194610778,0.315369261,0.023952096,0.012757605,0.3434739941118744,0.051030422,0.5829244357212954,0.009813543,0.2492639842983317,0.007850834,0.1962708537782139,0.225711482,0.3209028459273798,,,,,,,,,,,,0.001962709,0.065750736,0.3797841020608439,0.4131501472031403,0.1383709519136408,0.000981354,0.007850834,0.353287537,0.5966633954857704,0.000981354,0.041216879,0.3316977428851815,0.005888126,0.004906771,0.6074582924435721,0.050049068,0.000981354,0.3856722276741904,0.3738959764474975,0.2365063788027478,0.002944063,,0.6162904808635917,0.021589794,0.1069676153091266,0.000981354,0.254170756,,,,0.312938816,0.079237713,0.1404212637913741,0.1384152457372116,0.3289869608826479,0.017664377,0.025515211,0.451422964,0.4995093228655544,0.005888126,0.002369668,0.003554502,0.001184834,0.011848341,0.2571090047393365,,0.001184834,0.005924171,0.004739336,0.024881517,,0.016587678,0.005924171,0.005924171,0.029620853,0.067535545,0.021327014,0.5035545023696683,0.036729858
2021,0,0,43.04,33.4,18.9,95.546,93,,,,,,,,37,76,24,33,6,19,0.134865135,0.184815185,0.333666334,0.01998002,0.00990099,0.4405940594059406,0.053465347,0.4841584158415841,0.011881188,0.2871287128712871,0.002970297,0.2148514851485148,0.1811881188118811,0.3138613861386138,0.008910891,0.5158415841584159,0.1534653465346534,0.004950495,0.3168316831683168,,,,,,,0.001980198,0.1079207920792079,0.3435643564356436,0.4257425742574257,0.1188118811881188,0.001980198,0.010891089,0.4217821782178217,0.5138613861386139,,0.053465347,0.299009901,0.001980198,0.000990099,0.5287128712871287,0.1693069306930693,0.003960396,0.4178217821782178,0.3574257425742574,0.2198019801980198,0.000990099,,0.5702970297029702,0.015841584,0.1306930693069307,0.001980198,0.2811881188118812,,,,0.3055276381909548,0.087437186,0.1557788944723618,0.1688442211055276,0.2824120603015075,0.004950495,0.013861386,0.5287128712871287,0.4495049504950495,0.002970297,0.003694581,0.003694581,0.002463054,0.002463054,0.2623152709359606,,0.002463054,0.004926108,0.001231527,0.028325123,,0.014778325,0.013546798,0.007389163,0.033251232,0.098522167,0.002463054,0.4839901477832512,0.034482759
2022,0.584070796,0.399213373,W,W,18,94.659,92,51,47,60%,54%,39%,,,47,77,23,29,7,18.2,0.134673367,0.198994975,0.327638191,0.022110553,0.008849558,0.4621435594886922,0.040314651,0.4827925270403146,0.005899705,0.2409046214355948,0.005899705,0.2123893805309734,0.2025565388397247,0.3382497541789577,0.002949853,0.4503441494591937,0.097345133,0.003933137,0.4454277286135693,0.024582104,0.004916421,0.4965585054080629,0.005899705,0.4601769911504424,0.007866273,0.000983284,0.089478859,0.3559488692232055,0.4139626352015733,0.1376597836774828,0.001966568,0.004916421,0.3628318584070796,0.560471976,0.001966568,0.069813176,0.288102262,0.004916421,0.001966568,0.495575221,0.2094395280235988,0.004916421,0.4365781710914454,0.3421828908554572,0.2143559488692232,0.001966568,,0.5644051130776795,0.019665683,0.1307767944936086,,0.2851524090462143,0.01179941,0.004916421,,0.2865671641791045,0.080597015,0.1273631840796019,0.1850746268656716,0.3203980099502487,,,,,,,0.004889976,0.001222494,0.007334963,0.2823960880195599,,0.001222494,0.002444988,0.001222494,0.035452323,,0.025672372,0.011002445,0.009779951,0.033007335,0.1002444987775061,0.002444988,0.4474327628361858,0.034229829
2023,0.585728444,0.400396432,40.63,43.95,18.2,95.712,93,55,44,62%,56%,46%,35,59,41,76,24,32,5,18.5,0.14040404,0.165656566,0.33030303,0.021212121,0.003964321,0.4410307234886025,0.044598612,0.5044598612487612,0.005946482,0.2537165510406343,0.009910803,0.2210109018830525,0.2170465807730426,0.2983151635282458,0.003964321,0.5074331020812686,0.1278493557978196,0.005946482,0.354806739,0.03468781,0.001982161,0.4588701684836472,0.006937562,0.4915758176412289,0.005946482,,0.07135778,0.3627353815659068,0.4360753221010902,0.1268582755203171,0.002973241,0.007928642,0.332011893,0.5887016848364718,0.003964321,0.067393459,0.2725470763131813,0.004955401,0.005946482,0.5203171456888008,0.1962338949454906,0.001982161,0.423191278,0.3310208126858275,0.240832507,0.002973241,,0.554013875,0.015857284,0.1337958374628345,0.00099108,0.2953419226957383,0.011892963,0.001982161,,0.2777777777777778,0.107070707,0.1565656565656565,0.1787878787878788,0.2797979797979798,,,,,,0.0036452,0.0036452,0.001215067,0.008505468,0.267314702,,0.0036452,0.004860267,0.001215067,0.037667072,,0.024301337,0.009720535,0.002430134,0.027946537,0.089914945,,0.465370595,0.048602673
2024,0,0,42.17,53.6,,96.82,94,,,,,,,,37,77,23,29,6,18.1,0.103413655,0.174698795,0.318273092,0.034136546,0.032480315,0.4192913385826771,0.041338583,0.483267717,0.023622047,0.2411417322834645,0.00492126,0.2224409448818897,0.2460629921259842,0.2854330708661417,,,,,,0.022637795,0.017716535,0.451771654,0.022637795,0.4694881889763779,0.015748031,0.003937008,0.086614173,0.375,0.4104330708661417,0.1210629921259842,0.002952756,0.021653543,0.3661417322834646,0.5482283464566929,0.00984252,0.054133858,0.3001968503937008,0.021653543,0.007874016,0.4507874015748031,0.2194881889763779,0.018700787,0.4104330708661417,0.3474409448818897,0.218503937,0.00492126,0.002952756,0.5206692913385826,0.020669291,0.1200787401574803,0.001968504,0.3336614173228346,,,,0.2751744765702891,0.081754736,0.1635094715852442,0.1515453639082751,0.3280159521435692,,,,,,0.00239521,,,0.008383234,0.2766467065868263,0.001197605,0.011976048,0.003592814,0.001197605,0.023952096,,0.017964072,0.011976048,0.004790419,0.02754491,0.082634731,0.00239521,0.4886227544910179,0.034730539
2025,0.654690619,0.313373253,,,,,,61,35,74%,64%,46%,39,56,35,72,28,29,6,,0.107033639,0.153924567,0.334352701,0.021406728,0.028942116,0.3832335329341317,0.030938124,0.5399201596806387,0.016966068,0.2654690618762475,0.00499002,0.1916167664670658,0.2465069860279441,0.2914171656686626,,,,,,,,,,,,0.006986028,0.089820359,0.3662674650698603,0.4031936127744511,0.1307385229540918,0.002994012,0.018962076,0.3223552894211577,0.6187624750499002,0.007984032,0.031936128,0.3023952095808383,0.012974052,0.00499002,0.5728542914171657,0.1067864271457085,0.007984032,0.3882235528942115,0.3812375249500998,0.21756487,0.00499002,,0.5459081836327345,0.016966068,0.1007984031936127,0.001996008,0.3343313373253493,0.0249501,0.006986028,,0.3032128514056225,0.071285141,0.1867469879518072,0.1516064257028112,0.287148594,,,,,,,0.002506266,0.001253133,0.005012531,0.2781954887218045,,0.002506266,,,0.042606516,,0.013784461,0.006265664,0.007518797,0.031328321,0.1152882205513784,,0.4611528822055137,0.032581454
