Year,U.S.-origin uranium (weighted-average price),Foreign-origin uranium (weighted-average price),Nuclear Fuel Share (Percent),nuclear_support_pct,nuclear_opposition_pct,republican_nuclear_support_pct,independents_nuclear_support_pct,democrats_nuclear_support_pct,pct_prefer_nonrenewable_energy,pct_prefer_alternative_energy,pct_concern_energy_affordability,nuclear_generation_gwh,percent_favor,percent_oppose,percent_strongly_favor,percent_strongly_oppose,"Nuclear Generating Units, Total Operable Units","Nuclear Generating Units, Net Summer Capacity",Nuclear Electricity Net Generation,Nuclear Share of Electricity Net Generation,"Nuclear Generating Units, Capacity Factor",age_18.0,age_19.0,age_20.0,age_21.0,age_22.0,age_23.0,age_24.0,age_25.0,age_26.0,age_27.0,age_28.0,age_29.0,age_30.0,age_31.0,age_32.0,age_33.0,age_34.0,age_35.0,age_36.0,age_37.0,age_38.0,age_39.0,age_40.0,age_41.0,age_42.0,age_43.0,age_44.0,age_45.0,age_46.0,age_47.0,age_48.0,age_49.0,age_50.0,age_51.0,age_52.0,age_53.0,age_54.0,age_55.0,age_56.0,age_57.0,age_58.0,age_59.0,age_60.0,age_61.0,age_62.0,age_63.0,age_64.0,age_65.0,age_66.0,age_67.0,age_68.0,age_69.0,age_70.0,age_71.0,age_72.0,age_73.0,age_74.0,age_75.0,age_76.0,age_77.0,age_78.0,age_79.0,age_80.0,age_81.0,age_82.0,age_83.0,age_84.0,age_85.0,age_86.0,age_87.0,age_88.0,age_89.0,age_90.0,age_91.0,age_92.0,age_93.0,age_94.0,age_95.0,age_96.0,age_97.0,age_98.0,age_99.0,econ_v_envt_DK,"econ_v_envt_Economic Growth Priority, even if enviornment suffers to some extent",econ_v_envt_Equal Priority (VOL),"econ_v_envt_Protect Environment, even at risk of curbing economic growth",econ_v_envt_REF,educ_College Grad only,educ_DK/REF,educ_HS or Less,educ_Post-grad,educ_Some college,energyserious_DK,energyserious_Fairly serious,energyserious_Not at all serious,energyserious_REF,energyserious_Very serious,engy_v_envt_Both Equally (VOL),engy_v_envt_DK,engy_v_envt_Developing Energy Supplies Given Priority,engy_v_envt_Neither/Other (VOL),"engy_v_envt_Protect Enviornment, even at risk of limiting energy supplies",engy_v_envt_REF,envt1_DK,envt1_Excellent,envt1_Good,envt1_Only Fair,envt1_Poor,envt1_REF,envt2_DK,envt2_Getting Better,envt2_Getting Worse,envt2_REF,envt2_Same (VOL),govprotect_About the right amount,govprotect_DK,govprotect_REF,govprotect_Too little,govprotect_Too much,gw_serious_DK,gw_serious_Generally exaggerated,gw_serious_Generally underestimated,gw_serious_Gennerally correct,gw_serious_REF,gw_understand_DK,gw_understand_Fairly well,gw_understand_Not at all,gw_understand_Not very well,gw_understand_REF,gw_understand_Very well,nucfav_DK,nucfav_REF,nucfav_Somewhat favor,nucfav_Somewhat oppose,nucfav_Strongly favor,nucfav_Strongly oppose,party_DK,party_Democrat,"party_Independent, no lean",party_Lean Democratic,party_Lean Republican,party_Republican,prezjob_energy_DK,prezjob_energy_Fair/Mixed (VOL),prezjob_energy_Good job,prezjob_energy_Poor job,prezjob_energy_REF,religion_Adventists Church,religion_Agnostic,religion_Atheist,religion_Buddhism,religion_Catholic,religion_Christian Science,religion_DK,religion_Hinduism,religion_Jehovahs Witness,religion_Jewish,religion_Mennonite/Amish,religion_Mormon,religion_Muslim,religion_Orthodox,religion_Other,religion_Other Christian,religion_Other Non-Christian,religion_Protestant,religion_REF
1957,,,,,,,,,,,,,,,,,1.0,0.055,10.0,0.0,Not Available,,,,,,,,,,,,,,,,,,,,,,,,,,,,,,,,,,,,,,,,,,,,,,,,,,,,,,,,,,,,,,,,,,,,,,,,,,,,,,,,,,,,,,,,,,,,,,,,,,,,,,,,,,,,,,,,,,,,,,,,,,,,,,,,,,,,,,,,,,,,,,,,,,,,,,,,,,,,,,,,,,,,,,
1958,,,,,,,,,,,,,,,,,1.0,0.055,165.0,0.0,Not Available,,,,,,,,,,,,,,,,,,,,,,,,,,,,,,,,,,,,,,,,,,,,,,,,,,,,,,,,,,,,,,,,,,,,,,,,,,,,,,,,,,,,,,,,,,,,,,,,,,,,,,,,,,,,,,,,,,,,,,,,,,,,,,,,,,,,,,,,,,,,,,,,,,,,,,,,,,,,,,,,,,,,,,
1959,,,,,,,,,,,,,,,,,2.0,0.055,188.0,0.0,Not Available,,,,,,,,,,,,,,,,,,,,,,,,,,,,,,,,,,,,,,,,,,,,,,,,,,,,,,,,,,,,,,,,,,,,,,,,,,,,,,,,,,,,,,,,,,,,,,,,,,,,,,,,,,,,,,,,,,,,,,,,,,,,,,,,,,,,,,,,,,,,,,,,,,,,,,,,,,,,,,,,,,,,,,
1960,,,,,,,,,,,,,,,,,3.0,0.411,518.0,0.1,Not Available,,,,,,,,,,,,,,,,,,,,,,,,,,,,,,,,,,,,,,,,,,,,,,,,,,,,,,,,,,,,,,,,,,,,,,,,,,,,,,,,,,,,,,,,,,,,,,,,,,,,,,,,,,,,,,,,,,,,,,,,,,,,,,,,,,,,,,,,,,,,,,,,,,,,,,,,,,,,,,,,,,,,,,
1961,,,,,,,,,,,,,,,,,3.0,0.411,1692.0,0.2,Not Available,,,,,,,,,,,,,,,,,,,,,,,,,,,,,,,,,,,,,,,,,,,,,,,,,,,,,,,,,,,,,,,,,,,,,,,,,,,,,,,,,,,,,,,,,,,,,,,,,,,,,,,,,,,,,,,,,,,,,,,,,,,,,,,,,,,,,,,,,,,,,,,,,,,,,,,,,,,,,,,,,,,,,,
1962,,,,,,,,,,,,,,,,,9.0,0.733,2270.0,0.3,Not Available,,,,,,,,,,,,,,,,,,,,,,,,,,,,,,,,,,,,,,,,,,,,,,,,,,,,,,,,,,,,,,,,,,,,,,,,,,,,,,,,,,,,,,,,,,,,,,,,,,,,,,,,,,,,,,,,,,,,,,,,,,,,,,,,,,,,,,,,,,,,,,,,,,,,,,,,,,,,,,,,,,,,,,
1963,,,,,,,,,,,,,,,,,11.0,0.793,3212.0,0.3,Not Available,,,,,,,,,,,,,,,,,,,,,,,,,,,,,,,,,,,,,,,,,,,,,,,,,,,,,,,,,,,,,,,,,,,,,,,,,,,,,,,,,,,,,,,,,,,,,,,,,,,,,,,,,,,,,,,,,,,,,,,,,,,,,,,,,,,,,,,,,,,,,,,,,,,,,,,,,,,,,,,,,,,,,,
1964,,,,,,,,,,,,,,,,,13.0,0.793,3343.0,0.3,Not Available,,,,,,,,,,,,,,,,,,,,,,,,,,,,,,,,,,,,,,,,,,,,,,,,,,,,,,,,,,,,,,,,,,,,,,,,,,,,,,,,,,,,,,,,,,,,,,,,,,,,,,,,,,,,,,,,,,,,,,,,,,,,,,,,,,,,,,,,,,,,,,,,,,,,,,,,,,,,,,,,,,,,,,
1965,,,,,,,,,,,,,,,,,13.0,0.793,3657.0,0.3,Not Available,,,,,,,,,,,,,,,,,,,,,,,,,,,,,,,,,,,,,,,,,,,,,,,,,,,,,,,,,,,,,,,,,,,,,,,,,,,,,,,,,,,,,,,,,,,,,,,,,,,,,,,,,,,,,,,,,,,,,,,,,,,,,,,,,,,,,,,,,,,,,,,,,,,,,,,,,,,,,,,,,,,,,,
1966,,,,,,,,,,,,,,,,,14.0,1.679,5520.0,0.5,Not Available,,,,,,,,,,,,,,,,,,,,,,,,,,,,,,,,,,,,,,,,,,,,,,,,,,,,,,,,,,,,,,,,,,,,,,,,,,,,,,,,,,,,,,,,,,,,,,,,,,,,,,,,,,,,,,,,,,,,,,,,,,,,,,,,,,,,,,,,,,,,,,,,,,,,,,,,,,,,,,,,,,,,,,
1967,,,,,,,,,,,,,,,,,15.0,2.684,7655.0,0.6,Not Available,,,,,,,,,,,,,,,,,,,,,,,,,,,,,,,,,,,,,,,,,,,,,,,,,,,,,,,,,,,,,,,,,,,,,,,,,,,,,,,,,,,,,,,,,,,,,,,,,,,,,,,,,,,,,,,,,,,,,,,,,,,,,,,,,,,,,,,,,,,,,,,,,,,,,,,,,,,,,,,,,,,,,,
1968,,,,,,,,,,,,,,,,,13.0,2.728,12528.0,0.9,Not Available,,,,,,,,,,,,,,,,,,,,,,,,,,,,,,,,,,,,,,,,,,,,,,,,,,,,,,,,,,,,,,,,,,,,,,,,,,,,,,,,,,,,,,,,,,,,,,,,,,,,,,,,,,,,,,,,,,,,,,,,,,,,,,,,,,,,,,,,,,,,,,,,,,,,,,,,,,,,,,,,,,,,,,
1969,,,,,,,,,,,,,,,,,17.0,4.428,13928.0,1.0,Not Available,,,,,,,,,,,,,,,,,,,,,,,,,,,,,,,,,,,,,,,,,,,,,,,,,,,,,,,,,,,,,,,,,,,,,,,,,,,,,,,,,,,,,,,,,,,,,,,,,,,,,,,,,,,,,,,,,,,,,,,,,,,,,,,,,,,,,,,,,,,,,,,,,,,,,,,,,,,,,,,,,,,,,,
1970,,,,,,,,,,,,,,,,,20.0,7.004,21804.0,1.4,Not Available,,,,,,,,,,,,,,,,,,,,,,,,,,,,,,,,,,,,,,,,,,,,,,,,,,,,,,,,,,,,,,,,,,,,,,,,,,,,,,,,,,,,,,,,,,,,,,,,,,,,,,,,,,,,,,,,,,,,,,,,,,,,,,,,,,,,,,,,,,,,,,,,,,,,,,,,,,,,,,,,,,,,,,
1971,,,2.4,,,,,,,,,,,,,,22.0,9.033,38105.0,2.4,Not Available,,,,,,,,,,,,,,,,,,,,,,,,,,,,,,,,,,,,,,,,,,,,,,,,,,,,,,,,,,,,,,,,,,,,,,,,,,,,,,,,,,,,,,,,,,,,,,,,,,,,,,,,,,,,,,,,,,,,,,,,,,,,,,,,,,,,,,,,,,,,,,,,,,,,,,,,,,,,,,,,,,,,,,
1972,,,3.1,,,,,,,,,,,,,,27.0,14.481,54091.0,3.1,Not Available,,,,,,,,,,,,,,,,,,,,,,,,,,,,,,,,,,,,,,,,,,,,,,,,,,,,,,,,,,,,,,,,,,,,,,,,,,,,,,,,,,,,,,,,,,,,,,,,,,,,,,,,,,,,,,,,,,,,,,,,,,,,,,,,,,,,,,,,,,,,,,,,,,,,,,,,,,,,,,,,,,,,,,
1973,,,4.5,,,,,,,,,,,,,,42.0,22.683,83479.0,4.5,53.5,,,,,,,,,,,,,,,,,,,,,,,,,,,,,,,,,,,,,,,,,,,,,,,,,,,,,,,,,,,,,,,,,,,,,,,,,,,,,,,,,,,,,,,,,,,,,,,,,,,,,,,,,,,,,,,,,,,,,,,,,,,,,,,,,,,,,,,,,,,,,,,,,,,,,,,,,,,,,,,,,,,,,,
1974,,,6.1,,,,,,,,,,,,,,55.0,31.867,113976.0,6.1,47.8,,,,,,,,,,,,,,,,,,,,,,,,,,,,,,,,,,,,,,,,,,,,,,,,,,,,,,,,,,,,,,,,,,,,,,,,,,,,,,,,,,,,,,,,,,,,,,,,,,,,,,,,,,,,,,,,,,,,,,,,,,,,,,,,,,,,,,,,,,,,,,,,,,,,,,,,,,,,,,,,,,,,,,
1975,,,9.0,,,,,,,,,,,,,,57.0,37.267,172505.0,9.0,55.9,,,,,,,,,,,,,,,,,,,,,,,,,,,,,,,,,,,,,,,,,,,,,,,,,,,,,,,,,,,,,,,,,,,,,,,,,,,,,,,,,,,,,,,,,,,,,,,,,,,,,,,,,,,,,,,,,,,,,,,,,,,,,,,,,,,,,,,,,,,,,,,,,,,,,,,,,,,,,,,,,,,,,,
1976,,,9.4,,,,,,,,,,,,,,63.0,43.822,191104.0,9.4,54.7,,,,,,,,,,,,,,,,,,,,,,,,,,,,,,,,,,,,,,,,,,,,,,,,,,,,,,,,,,,,,,,,,,,,,,,,,,,,,,,,,,,,,,,,,,,,,,,,,,,,,,,,,,,,,,,,,,,,,,,,,,,,,,,,,,,,,,,,,,,,,,,,,,,,,,,,,,,,,,,,,,,,,,
1977,,,11.8,,,,,,,,,,,,,,67.0,46.303,250883.0,11.8,63.3,,,,,,,,,,,,,,,,,,,,,,,,,,,,,,,,,,,,,,,,,,,,,,,,,,,,,,,,,,,,,,,,,,,,,,,,,,,,,,,,,,,,,,,,,,,,,,,,,,,,,,,,,,,,,,,,,,,,,,,,,,,,,,,,,,,,,,,,,,,,,,,,,,,,,,,,,,,,,,,,,,,,,,
1978,,,12.5,,,,,,,,,,,,,,70.0,50.824,276403.0,12.5,64.5,,,,,,,,,,,,,,,,,,,,,,,,,,,,,,,,,,,,,,,,,,,,,,,,,,,,,,,,,,,,,,,,,,,,,,,,,,,,,,,,,,,,,,,,,,,,,,,,,,,,,,,,,,,,,,,,,,,,,,,,,,,,,,,,,,,,,,,,,,,,,,,,,,,,,,,,,,,,,,,,,,,,,,
1979,,,11.3,,,,,,,,,,,,,,69.0,49.747,255155.0,11.3,58.4,,,,,,,,,,,,,,,,,,,,,,,,,,,,,,,,,,,,,,,,,,,,,,,,,,,,,,,,,,,,,,,,,,,,,,,,,,,,,,,,,,,,,,,,,,,,,,,,,,,,,,,,,,,,,,,,,,,,,,,,,,,,,,,,,,,,,,,,,,,,,,,,,,,,,,,,,,,,,,,,,,,,,,
1980,,,11.0,,,,,,,,,,,,,,71.0,51.81,251116.0,11.0,56.3,,,,,,,,,,,,,,,,,,,,,,,,,,,,,,,,,,,,,,,,,,,,,,,,,,,,,,,,,,,,,,,,,,,,,,,,,,,,,,,,,,,,,,,,,,,,,,,,,,,,,,,,,,,,,,,,,,,,,,,,,,,,,,,,,,,,,,,,,,,,,,,,,,,,,,,,,,,,,,,,,,,,,,
1981,,,11.9,,,,,,,,,,,,,,75.0,56.042,272674.0,11.9,58.2,,,,,,,,,,,,,,,,,,,,,,,,,,,,,,,,,,,,,,,,,,,,,,,,,,,,,,,,,,,,,,,,,,,,,,,,,,,,,,,,,,,,,,,,,,,,,,,,,,,,,,,,,,,,,,,,,,,,,,,,,,,,,,,,,,,,,,,,,,,,,,,,,,,,,,,,,,,,,,,,,,,,,,
1982,,,12.6,,,,,,,,,,,,,,78.0,60.035,282773.0,12.6,56.6,,,,,,,,,,,,,,,,,,,,,,,,,,,,,,,,,,,,,,,,,,,,,,,,,,,,,,,,,,,,,,,,,,,,,,,,,,,,,,,,,,,,,,,,,,,,,,,,,,,,,,,,,,,,,,,,,,,,,,,,,,,,,,,,,,,,,,,,,,,,,,,,,,,,,,,,,,,,,,,,,,,,,,
1983,,,12.7,,,,,,,,,,,,,,81.0,63.009,293677.0,12.7,54.4,,,,,,,,,,,,,,,,,,,,,,,,,,,,,,,,,,,,,,,,,,,,,,,,,,,,,,,,,,,,,,,,,,,,,,,,,,,,,,,,,,,,,,,,,,,,,,,,,,,,,,,,,,,,,,,,,,,,,,,,,,,,,,,,,,,,,,,,,,,,,,,,,,,,,,,,,,,,,,,,,,,,,,
1984,,,13.5,,,,,,,,,,,,,,87.0,69.652,327634.0,13.5,56.3,,,,,,,,,,,,,,,,,,,,,,,,,,,,,,,,,,,,,,,,,,,,,,,,,,,,,,,,,,,,,,,,,,,,,,,,,,,,,,,,,,,,,,,,,,,,,,,,,,,,,,,,,,,,,,,,,,,,,,,,,,,,,,,,,,,,,,,,,,,,,,,,,,,,,,,,,,,,,,,,,,,,,,
1985,,,15.5,,,,,,,,,,,,,,96.0,79.397,383691.0,15.5,58,,,,,,,,,,,,,,,,,,,,,,,,,,,,,,,,,,,,,,,,,,,,,,,,,,,,,,,,,,,,,,,,,,,,,,,,,,,,,,,,,,,,,,,,,,,,,,,,,,,,,,,,,,,,,,,,,,,,,,,,,,,,,,,,,,,,,,,,,,,,,,,,,,,,,,,,,,,,,,,,,,,,,,
1986,,,16.6,,,,,,,,,,,,,,101.0,85.241,414038.0,16.6,56.9,,,,,,,,,,,,,,,,,,,,,,,,,,,,,,,,,,,,,,,,,,,,,,,,,,,,,,,,,,,,,,,,,,,,,,,,,,,,,,,,,,,,,,,,,,,,,,,,,,,,,,,,,,,,,,,,,,,,,,,,,,,,,,,,,,,,,,,,,,,,,,,,,,,,,,,,,,,,,,,,,,,,,,
1987,,,17.7,,,,,,,,,,,,,,107.0,93.583,455270.0,17.7,57.4,,,,,,,,,,,,,,,,,,,,,,,,,,,,,,,,,,,,,,,,,,,,,,,,,,,,,,,,,,,,,,,,,,,,,,,,,,,,,,,,,,,,,,,,,,,,,,,,,,,,,,,,,,,,,,,,,,,,,,,,,,,,,,,,,,,,,,,,,,,,,,,,,,,,,,,,,,,,,,,,,,,,,,
1988,,,19.5,,,,,,,,,,,,,,109.0,94.695,526973.0,19.5,63.5,,,,,,,,,,,,,,,,,,,,,,,,,,,,,,,,,,,,,,,,,,,,,,,,,,,,,,,,,,,,,,,,,,,,,,,,,,,,,,,,,,,,,,,,,,,,,,,,,,,,,,,,,,,,,,,,,,,,,,,,,,,,,,,,,,,,,,,,,,,,,,,,,,,,,,,,,,,,,,,,,,,,,,
1989,,,17.8,,,,,,,,,,,,,,111.0,98.161,529355.0,17.8,62.2,,,,,,,,,,,,,,,,,,,,,,,,,,,,,,,,,,,,,,,,,,,,,,,,,,,,,,,,,,,,,,,,,,,,,,,,,,,,,,,,,,,,,,,,,,,,,,,,,,,,,,,,,,,,,,,,,,,,,,,,,,,,,,,,,,,,,,,,,,,,,,,,,,,,,,,,,,,,,,,,,,,,,,
1990,,,19.0,,,,,,,,,,,,,,112.0,99.624,576862.0,19.0,66,,,,,,,,,,,,,,,,,,,,,,,,,,,,,,,,,,,,,,,,,,,,,,,,,,,,,,,,,,,,,,,,,,,,,,,,,,,,,,,,,,,,,,,,,,,,,,,,,,,,,,,,,,,,,,,,,,,,,,,,,,,,,,,,,,,,,,,,,,,,,,,,,,,,,,,,,,,,,,,,,,,,,,
1991,,,19.9,,,,,,,,,,,,,,111.0,99.589,612565.0,19.9,70.2,,,,,,,,,,,,,,,,,,,,,,,,,,,,,,,,,,,,,,,,,,,,,,,,,,,,,,,,,,,,,,,,,,,,,,,,,,,,,,,,,,,,,,,,,,,,,,,,,,,,,,,,,,,,,,,,,,,,,,,,,,,,,,,,,,,,,,,,,,,,,,,,,,,,,,,,,,,,,,,,,,,,,,
1992,,,20.1,,,,,,,,,,,,,,109.0,98.985,618776.0,20.1,70.9,,,,,,,,,,,,,,,,,,,,,,,,,,,,,,,,,,,,,,,,,,,,,,,,,,,,,,,,,,,,,,,,,,,,,,,,,,,,,,,,,,,,,,,,,,,,,,,,,,,,,,,,,,,,,,,,,,,,,,,,,,,,,,,,,,,,,,,,,,,,,,,,,,,,,,,,,,,,,,,,,,,,,,
1993,,,19.1,,,,,,,,,,,,,,110.0,99.041,610291.0,19.1,70.5,,,,,,,,,,,,,,,,,,,,,,,,,,,,,,,,,,,,,,,,,,,,,,,,,,,,,,,,,,,,,,,,,,,,,,,,,,,,,,,,,,,,,,,,,,,,,,,,,,,,,,,,,,,,,,,,,,,,,,,,,,,,,,,,,,,,,,,,,,,,,,,,,,,,,,,,,,,,,,,,,,,,,,
1994,,,19.7,57.0,37.0,,,,,,,,,,,,109.0,99.148,640440.0,19.7,73.8,,,,,,,,,,,,,,,,,,,,,,,,,,,,,,,,,,,,,,,,,,,,,,,,,,,,,,,,,,,,,,,,,,,,,,,,,,,,,,,,,,,,,,,,,,,,,,,,,,,,,,,,,,,,,,,,,,,,,,,,,,,,,,,,,,,,,,,,,,,,,,,,,,,,,,,,,,,,,,,,,,,,,,
1995,,,20.1,,,,,,,,,,,,,,109.0,99.515,673402.0,20.1,77.4,,,,,,,,,,,,,,,,,,,,,,,,,,,,,,,,,,,,,,,,,,,,,,,,,,,,,,,,,,,,,,,,,,,,,,,,,,,,,,,,,,,,,,,,,,,,,,,,,,,,,,,,,,,,,,,,,,,,,,,,,,,,,,,,,,,,,,,,,,,,,,,,,,,,,,,,,,,,,,,,,,,,,,
1996,,,19.6,,,,,,,,,,,,,,109.0,100.784,674729.0,19.6,76.2,,,,,,,,,,,,,,,,,,,,,,,,,,,,,,,,,,,,,,,,,,,,,,,,,,,,,,,,,,,,,,,,,,,,,,,,,,,,,,,,,,,,,,,,,,,,,,,,,,,,,,,,,,,,,,,,,,,,,,,,,,,,,,,,,,,,,,,,,,,,,,,,,,,,,,,,,,,,,,,,,,,,,,
1997,,,18.0,,,,,,,,,,,,,,107.0,99.716,628644.0,18.0,71.1,,,,,,,,,,,,,,,,,,,,,,,,,,,,,,,,,,,,,,,,,,,,,,,,,,,,,,,,,,,,,,,,,,,,,,,,,,,,,,,,,,,,,,,,,,,,,,,,,,,,,,,,,,,,,,,,,,,,,,,,,,,,,,,,,,,,,,,,,,,,,,,,,,,,,,,,,,,,,,,,,,,,,,
1998,,,18.6,,,,,,,,,,,,,,104.0,97.07,673702.0,18.6,78.2,,,,,,,,,,,,,,,,,,,,,,,,,,,,,,,,,,,,,,,,,,,,,,,,,,,,,,,,,,,,,,,,,,,,,,,,,,,,,,,,,,,,,,,,,,,,,,,,,,,,,,,,,,,,,,,,,,,,,,,,,,,,,,,,,,,,,,,,,,,,,,,,,,,,,,,,,,,,,,,,,,,,,,
1999,,,19.7,,,,,,,,,,,,,,104.0,97.411,728254.0,19.7,85.3,,,,,,,,,,,,,,,,,,,,,,,,,,,,,,,,,,,,,,,,,,,,,,,,,,,,,,,,,,,,,,,,,,,,,,,,,,,,,,,,,,,,,,,,,,,,,,,,,,,,,,,,,,,,,,,,,,,,,,,,,,,,,,,,,,,,,,,,,,,,,,,,,,,,,,,,,,,,,,,,,,,,,,
2000,,,19.8,,,,,,,,,797718.0,58.0,42.0,29.0,15.0,104.0,97.86,753893.0,19.8,88.1,0.0140703517587939,0.0170854271356783,0.0100502512562814,0.0090452261306532,0.0140703517587939,0.0251256281407035,0.0100502512562814,0.0130653266331658,0.0170854271356783,0.0160804020100502,0.0180904522613065,0.0211055276381909,0.022110552763819,0.0160804020100502,0.0190954773869346,0.0160804020100502,0.0211055276381909,0.0231155778894472,0.0211055276381909,0.0241206030150753,0.0261306532663316,0.0150753768844221,0.0281407035175879,0.0211055276381909,0.022110552763819,0.0231155778894472,0.0201005025125628,0.0170854271356783,0.0140703517587939,0.0241206030150753,0.0160804020100502,0.0211055276381909,0.0261306532663316,0.0080402010050251,0.0190954773869346,0.0130653266331658,0.0201005025125628,0.0261306532663316,0.0150753768844221,0.0100502512562814,0.0130653266331658,0.0100502512562814,0.0170854271356783,0.0150753768844221,0.0180904522613065,0.0090452261306532,0.0120603015075376,0.0170854271356783,0.0100502512562814,0.0120603015075376,0.0080402010050251,0.0110552763819095,0.0150753768844221,0.0070351758793969,0.0120603015075376,0.0060301507537688,0.0080402010050251,0.0150753768844221,0.0050251256281407,0.0050251256281407,0.0050251256281407,0.0040201005025125,0.0070351758793969,0.0040201005025125,0.0060301507537688,0.0070351758793969,0.0010050251256281,0.0010050251256281,0.0040201005025125,,,,,,,,,,,,,0.0010050251256281,0.0159362549800796,0.2649402390438247,0.0278884462151394,0.6842629482071713,0.0069721115537848,0.2001992031872509,0.0059760956175298,0.3306772908366533,0.1683266932270916,0.2948207171314741,,,,,,,,,,,,,,,,,,,,,,,0.3157370517928287,0.0159362549800796,0.0029880478087649,0.5717131474103586,0.0936254980079681,,,,,,,,,,,,,,,,,,,0.3237051792828685,0.1254980079681275,0.148406374501992,0.1155378486055776,0.2868525896414343,,,,,,,,,,,,,,,,,,,,,,,,
2001,,,20.6,46.0,48.0,55%,47%,34%,,,46.0,792604.0,57.0,43.0,27.0,15.0,104.0,98.159,768826.0,20.6,89.4,0.018095238095238,0.0114285714285714,0.0095238095238095,0.0085714285714285,0.0085714285714285,0.0142857142857142,0.0104761904761904,0.018095238095238,0.0142857142857142,0.0133333333333333,0.0152380952380952,0.0152380952380952,0.0238095238095238,0.0095238095238095,0.0247619047619047,0.0171428571428571,0.0171428571428571,0.0209523809523809,0.0238095238095238,0.019047619047619,0.0219047619047619,0.019047619047619,0.0219047619047619,0.0219047619047619,0.019047619047619,0.0247619047619047,0.0123809523809523,0.0323809523809523,0.0171428571428571,0.0266666666666666,0.0247619047619047,0.0114285714285714,0.0228571428571428,0.0238095238095238,0.0209523809523809,0.0209523809523809,0.0219047619047619,0.02,0.0114285714285714,0.0171428571428571,0.018095238095238,0.0123809523809523,0.0123809523809523,0.0085714285714285,0.0152380952380952,0.0123809523809523,0.0066666666666666,0.019047619047619,0.0123809523809523,0.0104761904761904,0.0104761904761904,0.0085714285714285,0.0209523809523809,0.0085714285714285,0.0123809523809523,0.0076190476190476,0.0095238095238095,0.0066666666666666,0.0076190476190476,0.0104761904761904,0.0095238095238095,0.0038095238095238,0.0038095238095238,0.0057142857142857,0.0019047619047619,0.0057142857142857,0.0019047619047619,0.0019047619047619,0.0009523809523809,0.0038095238095238,0.0009523809523809,0.0019047619047619,0.0009523809523809,,,,,,,,,0.0009523809523809,0.0292452830188679,0.3216981132075471,0.0688679245283018,0.5735849056603773,0.0066037735849056,0.1915094339622641,0.0018867924528301,0.3339622641509434,0.1858490566037735,0.2867924528301886,0.010377358490566,0.5830188679245283,0.0924528301886792,,0.3141509433962264,0.0584905660377358,0.0358490566037735,0.3518867924528301,0.0188679245283018,0.5349056603773585,,0.0094339622641509,0.0471698113207547,0.4254716981132075,0.4584905660377358,0.0584905660377358,0.000943396226415,0.0132075471698113,0.3669811320754716,0.5650943396226416,0.0028301886792452,0.0518867924528301,0.3084905660377358,0.0245283018867924,0.0037735849056603,0.5584905660377358,0.1047169811320754,0.0415094339622641,0.2981132075471698,0.3037735849056603,0.3566037735849056,,0.0056603773584905,0.5490566037735849,0.0518867924528301,0.2292452830188679,,0.1641509433962264,0.0513833992094861,,0.2984189723320158,0.2628458498023715,0.1936758893280632,0.1936758893280632,,0.3273584905660377,0.0830188679245283,0.1179245283018868,0.1245283018867924,0.3471698113207547,0.0622641509433962,0.060377358490566,0.5764150943396227,0.3009433962264151,,,,,,,,,,,,,,,,,,,,
2002,10.89,10.29,20.2,,,,,,,,32.0,804519.0,56.0,44.0,25.0,15.0,104.0,98.657,780064.0,20.2,90.3,0.0140280561122244,0.0060120240480961,0.0040080160320641,0.0180360721442885,0.0130260521042084,0.0120240480961923,0.0190380761523046,0.0200400801603206,0.0160320641282565,0.0130260521042084,0.0160320641282565,0.0190380761523046,0.0220440881763527,0.0170340681362725,0.0310621242484969,0.0090180360721442,0.0110220440881763,0.0200400801603206,0.0160320641282565,0.0240480961923847,0.0270541082164328,0.0200400801603206,0.0280561122244488,0.0270541082164328,0.0200400801603206,0.0160320641282565,0.0220440881763527,0.0230460921843687,0.0200400801603206,0.0180360721442885,0.0140280561122244,0.0210420841683366,0.0200400801603206,0.0150300601202404,0.0150300601202404,0.0190380761523046,0.0200400801603206,0.0210420841683366,0.0180360721442885,0.0190380761523046,0.0060120240480961,0.0100200400801603,0.0210420841683366,0.0080160320641282,0.0130260521042084,0.0110220440881763,0.0170340681362725,0.0190380761523046,0.0060120240480961,0.0130260521042084,0.0090180360721442,0.0110220440881763,0.0060120240480961,0.0150300601202404,0.0070140280561122,0.0160320641282565,0.0090180360721442,0.0060120240480961,0.0080160320641282,0.0060120240480961,0.0050100200400801,0.0050100200400801,0.0040080160320641,0.0100200400801603,0.0040080160320641,0.0060120240480961,0.0040080160320641,0.0060120240480961,0.002004008016032,0.001002004008016,0.003006012024048,,0.001002004008016,0.002004008016032,0.001002004008016,0.001002004008016,0.001002004008016,,,,,0.002004008016032,0.0298210735586481,0.3797216699801193,0.0616302186878727,0.5178926441351889,0.0109343936381709,0.1669980119284294,0.003976143141153,0.3489065606361829,0.2037773359840954,0.2763419483101391,0.0208747514910536,0.6371769383697813,0.1282306163021868,0.0029821073558648,0.2107355864811133,0.036779324055666,0.0238568588469184,0.3876739562624254,0.0248508946322067,0.5228628230616302,0.003976143141153,0.0049701789264413,0.0427435387673956,0.4353876739562624,0.4473161033797216,0.0695825049701789,,0.014910536779324,0.4005964214711729,0.5397614314115308,,0.0447316103379721,,,,,,0.0427435387673956,0.3151093439363817,0.3101391650099404,0.3280318091451292,0.003976143141153,0.0019880715705765,0.5168986083499006,0.0437375745526839,0.2504970178926441,0.0019880715705765,0.1848906560636183,,,,,,,,0.2997987927565392,0.0915492957746478,0.1237424547283702,0.1197183098591549,0.3651911468812877,0.088469184890656,0.0834990059642147,0.4473161033797216,0.3757455268389662,0.0049701789264413,,,,,,,,,,,,,,,,,,,
2003,10.81,10.81,19.7,,,,,,,,27.0,787818.0,58.0,42.0,26.0,14.0,104.0,99.209,763733.0,19.7,87.9,0.0200803212851405,0.0060240963855421,0.0090361445783132,0.0100401606425702,0.0090361445783132,0.0130522088353413,0.0140562248995983,0.0160642570281124,0.0110441767068273,0.0160642570281124,0.0200803212851405,0.0100401606425702,0.0130522088353413,0.0170682730923694,0.0281124497991967,0.0251004016064257,0.0150602409638554,0.0140562248995983,0.0170682730923694,0.0120481927710843,0.0220883534136546,0.0180722891566265,0.0240963855421686,0.0140562248995983,0.0180722891566265,0.0261044176706827,0.0170682730923694,0.0230923694779116,0.0160642570281124,0.0210843373493975,0.0150602409638554,0.0251004016064257,0.0311244979919678,0.0170682730923694,0.0210843373493975,0.0220883534136546,0.0190763052208835,0.0271084337349397,0.0150602409638554,0.0180722891566265,0.0130522088353413,0.0170682730923694,0.0240963855421686,0.0120481927710843,0.0180722891566265,0.0100401606425702,0.0150602409638554,0.0070281124497991,0.0120481927710843,0.0140562248995983,0.0090361445783132,0.0130522088353413,0.0110441767068273,0.0080321285140562,0.0150602409638554,0.0060240963855421,0.0110441767068273,0.003012048192771,0.0040160642570281,0.0080321285140562,0.0070281124497991,0.0060240963855421,0.0140562248995983,0.0040160642570281,0.0100401606425702,0.0080321285140562,0.0040160642570281,0.0040160642570281,,0.001004016064257,,,0.001004016064257,,0.001004016064257,,,0.001004016064257,,,,0.001004016064257,0.0269192422731804,0.4267198404785643,0.0757726819541375,0.46061814556331,0.0099700897308075,0.1864406779661017,0.003988035892323,0.3020937188434696,0.2153539381854436,0.292123629112662,0.0189431704885343,0.5822532402791625,0.1196410767696909,0.003988035892323,0.2751744765702891,0.0448654037886341,0.0209371884346959,0.3978065802592223,0.0199401794616151,0.5024925224327019,0.0139581256231306,0.0059820538384845,0.0528414755732801,0.3978065802592223,0.4546360917248255,0.0887337986041874,,0.0199401794616151,0.3399800598205383,0.5533399800598205,0.0009970089730807,0.0857427716849451,0.3895582329317269,0.0301204819277108,0.0040160642570281,0.5100401606425703,0.0662650602409638,0.0378863409770687,0.3389830508474576,0.3140578265204387,0.3030907278165503,0.0059820538384845,,0.5423728813559322,0.0478564307078763,0.2382851445663011,,0.1714855433698903,,,,,,,0.009009009009009,0.3193193193193193,0.086086086086086,0.1271271271271271,0.1081081081081081,0.3503503503503503,0.0807577268195413,0.073778664007976,0.4007976071784646,0.4406779661016949,0.003988035892323,,,,,,,,,,,,,,,,,,,
2004,11.87,12.76,19.9,56.0,39.0,70%,51%,52%,,,35.0,813339.0,60.0,40.0,30.0,13.0,104.0,99.628,788528.0,19.9,90.1,0.0181086519114688,0.0080482897384305,0.0070422535211267,0.0100603621730382,0.0150905432595573,0.0020120724346076,0.0100603621730382,0.0140845070422535,0.0130784708249496,0.0140845070422535,0.0241448692152917,0.011066398390342,0.0160965794768611,0.0171026156941649,0.0120724346076458,0.0130784708249496,0.0160965794768611,0.0201207243460764,0.0241448692152917,0.028169014084507,0.0181086519114688,0.0231388329979879,0.0261569416498993,0.0191146881287726,0.0301810865191146,0.0181086519114688,0.0160965794768611,0.0191146881287726,0.0211267605633802,0.0211267605633802,0.0231388329979879,0.0231388329979879,0.0221327967806841,0.0150905432595573,0.0231388329979879,0.0171026156941649,0.0171026156941649,0.028169014084507,0.0201207243460764,0.0211267605633802,0.0160965794768611,0.0120724346076458,0.0201207243460764,0.0150905432595573,0.0150905432595573,0.0060362173038229,0.0150905432595573,0.0140845070422535,0.0120724346076458,0.0070422535211267,0.0100603621730382,0.0140845070422535,0.011066398390342,0.0030181086519114,0.0080482897384305,0.0120724346076458,0.0080482897384305,0.011066398390342,0.0060362173038229,0.0080482897384305,0.0060362173038229,0.0090543259557344,0.0050301810865191,0.0060362173038229,0.0040241448692152,0.0070422535211267,0.0070422535211267,0.0040241448692152,0.0040241448692152,0.0010060362173038,0.0010060362173038,0.0020120724346076,0.0010060362173038,,0.0010060362173038,,,,,0.0010060362173038,,,0.026865671641791,0.426865671641791,0.0547263681592039,0.4825870646766169,0.008955223880597,0.2248756218905472,0.0079601990049751,0.3233830845771144,0.208955223880597,0.2348258706467661,0.0169154228855721,0.5800995024875621,0.1343283582089552,0.0029850746268656,0.2656716417910448,0.0368159203980099,0.0248756218905472,0.4388059701492537,0.0129353233830845,0.481592039800995,0.0049751243781094,0.0009950248756218,0.0497512437810945,0.3980099502487562,0.4537313432835821,0.0975124378109452,,0.0129353233830845,0.3621890547263681,0.5552238805970149,0.0019900497512437,0.0676616915422885,0.3859315589353612,0.0228136882129277,,0.5456273764258555,0.0456273764258555,0.0328358208955223,0.382089552238806,0.3164179104477612,0.2626865671641791,0.0059701492537313,0.0009950248756218,0.527363184079602,0.0457711442786069,0.2378109452736318,0.0009950248756218,0.1870646766169154,0.0396659707724425,0.0020876826722338,0.3820459290187891,0.1941544885177453,0.2108559498956158,0.1711899791231732,,0.3206793206793207,0.0819180819180819,0.1518481518481518,0.1068931068931069,0.3386613386613387,0.0567164179104477,0.0825870646766169,0.3422885572139303,0.5154228855721393,0.0029850746268656,,,,,,,,,,,,,,,,,,,
2005,15.11,14.21,19.3,54.0,43.0,66%,56%,40%,,,39.0,810726.0,59.0,41.0,32.0,12.0,104.0,99.988,781986.0,19.3,89.3,0.0060362173038229,0.0020120724346076,0.0100603621730382,0.0120724346076458,0.0090543259557344,0.0080482897384305,0.0130784708249496,0.0050301810865191,0.0181086519114688,0.0100603621730382,0.0120724346076458,0.0070422535211267,0.0130784708249496,0.0181086519114688,0.0130784708249496,0.0150905432595573,0.0150905432595573,0.0100603621730382,0.011066398390342,0.0241448692152917,0.0171026156941649,0.0261569416498993,0.0211267605633802,0.0181086519114688,0.0181086519114688,0.0211267605633802,0.0181086519114688,0.0221327967806841,0.0231388329979879,0.028169014084507,0.0301810865191146,0.0221327967806841,0.0301810865191146,0.0171026156941649,0.0171026156941649,0.0181086519114688,0.0171026156941649,0.039235412474849,0.0150905432595573,0.0191146881287726,0.0301810865191146,0.0130784708249496,0.0150905432595573,0.0130784708249496,0.0221327967806841,0.0140845070422535,0.0160965794768611,0.0150905432595573,0.0160965794768611,0.0150905432595573,0.0080482897384305,0.0130784708249496,0.0150905432595573,0.0080482897384305,0.0090543259557344,0.0060362173038229,0.0140845070422535,0.0060362173038229,0.0080482897384305,0.0090543259557344,0.0070422535211267,0.0060362173038229,0.0100603621730382,0.0070422535211267,0.0070422535211267,0.0030181086519114,0.0040241448692152,0.0080482897384305,0.0030181086519114,0.0020120724346076,0.0040241448692152,,,,,,,0.0010060362173038,,,,,0.0268924302788844,0.3615537848605578,0.0806772908366533,0.5199203187250996,0.0109561752988047,0.2051792828685259,0.0039840637450199,0.3127490039840637,0.1942231075697211,0.2838645418326693,0.0159362549800796,0.5677290836653387,0.0916334661354581,0.0039840637450199,0.3207171314741036,0.0388446215139442,0.0219123505976095,0.4133466135458167,0.0199203187250996,0.499003984063745,0.0069721115537848,0.0039840637450199,0.045816733067729,0.3774900398406374,0.4830677290836653,0.0886454183266932,0.0009960159362549,0.0179282868525896,0.301792828685259,0.6105577689243028,0.0049800796812749,0.0647410358565737,0.3333333333333333,0.0215686274509803,0.0039215686274509,0.5901960784313726,0.0509803921568627,0.0398406374501992,0.3386454183266932,0.3167330677290836,0.300796812749004,0.0039840637450199,0.0009960159362549,0.547808764940239,0.0517928286852589,0.2330677290836653,0.0019920318725099,0.1643426294820717,0.0303643724696356,0.0060728744939271,0.3724696356275304,0.2085020242914979,0.1842105263157894,0.1983805668016194,,0.3313131313131313,0.0696969696969697,0.1303030303030303,0.108080808080808,0.3606060606060606,0.0617529880478087,0.0727091633466135,0.3157370517928287,0.545816733067729,0.0039840637450199,,0.004381161007667,0.0021905805038335,0.0010952902519167,0.2606790799561884,,0.0054764512595837,0.004381161007667,0.0021905805038335,0.0230010952902519,0.0021905805038335,0.0197152245345016,0.0021905805038335,0.0098576122672508,0.0142387732749178,0.0832420591456736,,0.5509309967141293,0.0142387732749178
2006,17.85,18.75,19.4,56.0,38.0,62%,55%,51%,,,48.0,816195.0,58.0,42.0,30.0,13.0,104.0,100.334,787219.0,19.4,89.6,0.0101214574898785,0.0030364372469635,0.0060728744939271,0.0040485829959514,0.0080971659919028,0.0091093117408906,0.0040485829959514,0.0070850202429149,0.0091093117408906,0.0101214574898785,0.0101214574898785,0.0232793522267206,0.0101214574898785,0.0080971659919028,0.0111336032388663,0.0091093117408906,0.0131578947368421,0.0141700404858299,0.020242914979757,0.0141700404858299,0.0232793522267206,0.0212550607287449,0.0151821862348178,0.0151821862348178,0.0161943319838056,0.0232793522267206,0.020242914979757,0.020242914979757,0.020242914979757,0.0151821862348178,0.020242914979757,0.0212550607287449,0.027327935222672,0.0222672064777327,0.0263157894736842,0.027327935222672,0.0283400809716599,0.0192307692307692,0.0283400809716599,0.020242914979757,0.0334008097165991,0.0161943319838056,0.0253036437246963,0.0131578947368421,0.0192307692307692,0.0141700404858299,0.0091093117408906,0.0182186234817813,0.0161943319838056,0.0111336032388663,0.0121457489878542,0.0101214574898785,0.0182186234817813,0.0151821862348178,0.0212550607287449,0.0101214574898785,0.0080971659919028,0.0141700404858299,0.0060728744939271,0.0080971659919028,0.0131578947368421,0.0040485829959514,0.0111336032388663,0.0070850202429149,0.0040485829959514,0.0020242914979757,0.0050607287449392,0.0060728744939271,0.0030364372469635,0.0020242914979757,0.0010121457489878,0.0010121457489878,0.0020242914979757,0.0010121457489878,,0.0020242914979757,,,,,,,0.025,0.378,0.07,0.511,0.016,0.192,0.003,0.295,0.256,0.254,0.006,0.523,0.066,0.004,0.401,0.043,0.016,0.427,0.022,0.482,0.01,0.003,0.045,0.37,0.48,0.101,0.001,0.019,0.258,0.65,0.006,0.067,0.3253012048192771,0.0120481927710843,0.0040160642570281,0.606425702811245,0.0522088353413654,0.033,0.314,0.362,0.288,0.003,0.001,0.54,0.049,0.196,,0.214,0.0557768924302788,0.0039840637450199,0.3545816733067729,0.1952191235059761,0.2370517928286852,0.1533864541832669,,0.340793489318413,0.108850457782299,0.150559511698881,0.1017293997965412,0.2980671414038657,0.042,0.072,0.25,0.629,0.007,0.0011098779134295,0.0011098779134295,,0.004439511653718,0.2508324084350721,0.002219755826859,0.0033296337402885,0.0011098779134295,0.002219755826859,0.0299667036625971,,0.0199778024417314,0.0011098779134295,0.0077691453940066,0.0221975582685904,0.0654827968923418,0.0011098779134295,0.5704772475027747,0.0155382907880133
2007,28.89,33.05,19.4,53.0,43.0,63%,46%,49%,,,43.0,836634.0,60.0,40.0,33.0,12.0,104.0,100.266,806425.0,19.4,91.8,0.0079920079920079,0.0009990009990009,0.0039960039960039,0.0039960039960039,0.0069930069930069,0.0049950049950049,0.0089910089910089,0.0129870129870129,0.0099900099900099,0.0039960039960039,0.0059940059940059,0.0109890109890109,0.0089910089910089,0.0059940059940059,0.0109890109890109,0.0059940059940059,0.0129870129870129,0.0099900099900099,0.0149850149850149,0.0159840159840159,0.0179820179820179,0.0139860139860139,0.0209790209790209,0.0169830169830169,0.0149850149850149,0.0189810189810189,0.0159840159840159,0.0269730269730269,0.0289710289710289,0.0119880119880119,0.0269730269730269,0.0139860139860139,0.0269730269730269,0.0159840159840159,0.0319680319680319,0.0249750249750249,0.0199800199800199,0.0299700299700299,0.0249750249750249,0.0299700299700299,0.0279720279720279,0.0259740259740259,0.0209790209790209,0.0169830169830169,0.0169830169830169,0.0139860139860139,0.0119880119880119,0.0249750249750249,0.0189810189810189,0.0159840159840159,0.0149850149850149,0.0129870129870129,0.0149850149850149,0.0129870129870129,0.0139860139860139,0.0089910089910089,0.0129870129870129,0.0159840159840159,0.0089910089910089,0.0059940059940059,0.0099900099900099,0.0119880119880119,0.0129870129870129,0.0029970029970029,0.0109890109890109,0.0039960039960039,0.0069930069930069,0.0059940059940059,0.0029970029970029,0.0049950049950049,0.0009990009990009,0.0019980019980019,0.0009990009990009,0.0009990009990009,0.0009990009990009,0.0009990009990009,,,,,,,0.0247770069375619,0.3577799801783944,0.0455896927651139,0.5609514370664024,0.0109018830525272,0.1803766105054509,0.0049554013875123,0.3102081268582755,0.2239841427155599,0.2804757185332012,0.0109018830525272,0.5480673934588701,0.0713577799801783,0.0019821605550049,0.3676907829534192,0.0356788899900891,0.0198216055500495,0.3617443012884043,0.0237859266600594,0.5520317145688801,0.0069375619425173,0.0059464816650148,0.0574826560951437,0.3686818632309217,0.4697720515361744,0.0981169474727453,,0.0118929633300297,0.2616451932606541,0.6531219028741329,,0.0733399405351833,,,,,,0.0257680872150644,0.3538156590683845,0.3161546085232903,0.3002973240832507,0.0039643211100099,0.0009910802775024,0.5550049554013875,0.0317145688800792,0.1774033696729435,,0.2348860257680872,0.0403846153846153,0.0038461538461538,0.3211538461538462,0.2230769230769231,0.2365384615384615,0.175,,0.3173173173173173,0.0940940940940941,0.1601601601601601,0.0960960960960961,0.3323323323323323,0.0366699702675916,0.0763131813676907,0.2596630327056491,0.6233894945490585,0.0039643211100099,0.0033670033670033,,,0.0089786756453423,0.2345679012345679,0.0022446689113355,0.0022446689113355,0.0011223344556677,0.0011223344556677,0.0303030303030303,,0.0224466891133557,,0.0056116722783389,0.0213243546576879,0.0572390572390572,,0.5869809203142536,0.0224466891133557
2008,59.55,43.47,19.6,,,,,,,,47.0,837804.0,59.0,41.0,31.0,13.0,104.0,100.755,806208.0,19.6,91.1,0.009,0.015,0.01,0.011,0.006,0.002,0.007,0.011,0.007,0.01,0.012,0.016,0.01,0.015,0.013,0.013,0.02,0.017,0.012,0.017,0.015,0.021,0.013,0.012,0.019,0.02,0.02,0.02,0.021,0.018,0.018,0.017,0.029,0.017,0.015,0.028,0.023,0.021,0.016,0.029,0.024,0.022,0.018,0.014,0.017,0.017,0.022,0.02,0.016,0.011,0.016,0.012,0.015,0.013,0.012,0.008,0.012,0.017,0.016,0.01,0.01,0.004,0.013,0.009,0.01,0.003,0.003,0.002,0.003,0.004,0.001,,0.001,,,,,,,,,,0.0276679841897233,0.4357707509881423,0.058300395256917,0.4673913043478261,0.0108695652173913,0.2035573122529644,0.0029644268774703,0.2727272727272727,0.2114624505928853,0.3092885375494071,0.0059288537549407,0.4713438735177865,0.0464426877470355,,0.4762845849802372,0.0474308300395256,0.025691699604743,0.4100790513833992,0.0207509881422924,0.4881422924901186,0.0079051383399209,0.0009881422924901,0.0523715415019762,0.3567193675889328,0.4832015810276679,0.1057312252964426,0.0009881422924901,0.0128458498023715,0.2756916996047431,0.658102766798419,,0.0533596837944664,,,,,,0.0197628458498023,0.3656126482213438,0.2826086956521739,0.3290513833992095,0.0029644268774703,0.0009881422924901,0.575098814229249,0.0227272727272727,0.1620553359683794,0.0009881422924901,0.2381422924901186,,,,,,,,0.3396226415094339,0.0744786494538232,0.1847070506454816,0.112214498510427,0.2889771598808341,0.0385375494071146,0.0711462450592885,0.2094861660079051,0.674901185770751,0.0059288537549407,0.0033076074972436,0.0033076074972436,0.0011025358324145,0.0055126791620727,0.2524807056229327,0.0011025358324145,0.0132304299889746,0.0055126791620727,0.0022050716648291,0.0308710033076074,,0.01212789415656,0.0033076074972436,0.0066152149944873,0.0209481808158765,0.0771775082690187,,0.5391400220507166,0.022050716648291
2009,48.92,45.35,20.2,59.0,37.0,76%,55%,54%,,,,830210.0,61.0,39.0,33.0,12.0,104.0,101.004,798855.0,20.2,90.3,0.014014014014014,0.004004004004004,0.009009009009009,0.008008008008008,0.004004004004004,0.01001001001001,0.009009009009009,0.011011011011011,0.007007007007007,0.01001001001001,0.011011011011011,0.009009009009009,0.011011011011011,0.008008008008008,0.009009009009009,0.017017017017017,0.006006006006006,0.018018018018018,0.015015015015015,0.011011011011011,0.009009009009009,0.014014014014014,0.023023023023023,0.009009009009009,0.009009009009009,0.02002002002002,0.02002002002002,0.022022022022022,0.015015015015015,0.022022022022022,0.02002002002002,0.018018018018018,0.018018018018018,0.02002002002002,0.03003003003003,0.022022022022022,0.033033033033033,0.026026026026026,0.02002002002002,0.02002002002002,0.021021021021021,0.027027027027027,0.025025025025025,0.02002002002002,0.026026026026026,0.022022022022022,0.016016016016016,0.021021021021021,0.016016016016016,0.011011011011011,0.013013013013013,0.022022022022022,0.02002002002002,0.011011011011011,0.012012012012012,0.011011011011011,0.011011011011011,0.017017017017017,0.008008008008008,0.007007007007007,0.008008008008008,0.006006006006006,0.014014014014014,0.002002002002002,0.011011011011011,0.005005005005005,0.005005005005005,0.003003003003003,0.006006006006006,0.005005005005005,0.002002002002002,0.001001001001001,0.001001001001001,,,,,,0.001001001001001,,,0.001001001001001,0.0128458498023715,0.5691699604743083,0.0454545454545454,0.3606719367588933,0.0118577075098814,0.1877470355731225,0.0049407114624505,0.2806324110671936,0.2262845849802371,0.300395256916996,0.0069169960474308,0.5079051383399209,0.0622529644268774,,0.4229249011857707,0.0247035573122529,0.0138339920948616,0.5069169960474308,0.0118577075098814,0.4328063241106719,0.0098814229249011,0.0029644268774703,0.0523715415019762,0.3616600790513834,0.4387351778656126,0.1442687747035573,,0.0177865612648221,0.4288537549407115,0.4891304347826087,0.0039525691699604,0.0602766798418972,,,,,,0.0148221343873517,0.4466403162055335,0.258893280632411,0.2786561264822134,0.0009881422924901,,,,,,,0.02734375,0.001953125,0.333984375,0.205078125,0.3125,0.119140625,,0.3653653653653653,0.0970970970970971,0.1441441441441441,0.1191191191191191,0.2742742742742742,0.0385375494071146,0.0286561264822134,0.6768774703557312,0.2519762845849802,0.0039525691699604,0.0011160714285714,0.0033482142857142,0.0011160714285714,0.0055803571428571,0.2354910714285714,,0.0066964285714285,0.0022321428571428,0.0011160714285714,0.0345982142857142,,0.0145089285714285,0.0066964285714285,0.0089285714285714,0.0212053571428571,0.0959821428571428,0.0022321428571428,0.5357142857142857,0.0234375
2010,45.25,49.64,19.6,62.0,33.0,72%,66%,50%,,,38.0,838931.0,64.0,36.0,33.0,10.0,104.0,101.167,806968.0,19.6,91.1,0.0090452261306532,0.0110552763819095,0.0140703517587939,0.0080402010050251,0.0060301507537688,0.0090452261306532,0.0060301507537688,0.0050251256281407,0.0090452261306532,0.0120603015075376,0.0050251256281407,0.0070351758793969,0.0130653266331658,0.0070351758793969,0.0080402010050251,0.0090452261306532,0.0080402010050251,0.0120603015075376,0.0060301507537688,0.0120603015075376,0.0160804020100502,0.0130653266331658,0.0180904522613065,0.0090452261306532,0.0110552763819095,0.0150753768844221,0.0130653266331658,0.0190954773869346,0.0190954773869346,0.022110552763819,0.0190954773869346,0.0160804020100502,0.0190954773869346,0.0130653266331658,0.0190954773869346,0.0301507537688442,0.0261306532663316,0.0261306532663316,0.0211055276381909,0.0211055276381909,0.0130653266331658,0.0261306532663316,0.0271356783919597,0.0120603015075376,0.0231155778894472,0.0231155778894472,0.0170854271356783,0.0201005025125628,0.0170854271356783,0.022110552763819,0.0130653266331658,0.0170854271356783,0.0211055276381909,0.0100502512562814,0.0241206030150753,0.0140703517587939,0.0180904522613065,0.0170854271356783,0.0100502512562814,0.0170854271356783,0.0130653266331658,0.0130653266331658,0.0140703517587939,0.0070351758793969,0.0030150753768844,0.0060301507537688,0.0100502512562814,0.0060301507537688,0.0030150753768844,0.0080402010050251,0.0030150753768844,0.0020100502512562,0.0020100502512562,0.0020100502512562,,,,,,,,0.0010050251256281,0.0266272189349112,0.5364891518737672,0.044378698224852,0.3747534516765286,0.0177514792899408,0.1972386587771203,0.0059171597633136,0.2544378698224852,0.2317554240631163,0.3106508875739645,0.0069033530571992,0.5473372781065089,0.1084812623274161,0.0059171597633136,0.3313609467455621,0.0226824457593688,0.0128205128205128,0.5216962524654832,0.0207100591715976,0.4151873767258383,0.0069033530571992,0.0029585798816568,0.0532544378698224,0.4437869822485207,0.4142011834319526,0.0828402366863905,0.0029585798816568,0.0187376725838264,0.4516765285996055,0.4418145956607495,0.004930966469428,0.0828402366863905,0.3461538461538461,0.0226824457593688,0.0088757396449704,0.4487179487179487,0.1735700197238658,0.0177514792899408,0.5009861932938856,0.2337278106508875,0.2426035502958579,0.004930966469428,0.0009861932938856,0.5562130177514792,0.0256410256410256,0.1449704142011834,,0.272189349112426,0.034516765285996,0.0039447731755424,0.3362919132149901,0.1568047337278106,0.3234714003944773,0.1449704142011834,,0.3083083083083083,0.1011011011011011,0.1361361361361361,0.1711711711711711,0.2832832832832833,0.0552268244575936,0.0463510848126232,0.4280078895463511,0.4625246548323471,0.0078895463510848,0.0011261261261261,0.0045045045045045,0.0022522522522522,0.0033783783783783,0.2533783783783784,,0.0045045045045045,0.0022522522522522,0.0045045045045045,0.0202702702702702,,0.0191441441441441,0.0045045045045045,0.0056306306306306,0.0292792792792792,0.063063063063063,,0.5574324324324325,0.0247747747747747
2011,52.12,55.98,19.3,57.0,38.0,70%,55%,45%,26.0,66.0,46.0,821405.0,60.0,40.0,32.0,11.0,104.0,101.419,790204.0,19.3,89.1,0.0109670987038883,0.0059820538384845,0.003988035892323,0.0049850448654037,0.0069790628115653,0.0089730807577268,0.007976071784646,0.0049850448654037,0.0029910269192422,0.003988035892323,0.0049850448654037,0.0139581256231306,0.0109670987038883,0.007976071784646,0.0059820538384845,0.0099700897308075,0.0049850448654037,0.007976071784646,0.007976071784646,0.0099700897308075,0.0099700897308075,0.0099700897308075,0.0199401794616151,0.011964107676969,0.0179461615154536,0.0199401794616151,0.011964107676969,0.0179461615154536,0.0149551345962113,0.0169491525423728,0.0139581256231306,0.0179461615154536,0.0289132602193419,0.0209371884346959,0.0199401794616151,0.0239282153539381,0.0169491525423728,0.0249252243270189,0.0259222333000997,0.0249252243270189,0.0269192422731804,0.0179461615154536,0.0229312063808574,0.0189431704885343,0.0189431704885343,0.0269192422731804,0.0269192422731804,0.0309072781655034,0.0149551345962113,0.0109670987038883,0.0189431704885343,0.0149551345962113,0.0169491525423728,0.0159521435692921,0.0179461615154536,0.0199401794616151,0.0129611166500498,0.0229312063808574,0.0199401794616151,0.0059820538384845,0.0139581256231306,0.0099700897308075,0.0159521435692921,0.007976071784646,0.0019940179461615,0.007976071784646,0.0049850448654037,0.0099700897308075,0.003988035892323,0.0019940179461615,0.0049850448654037,0.003988035892323,0.0019940179461615,0.0009970089730807,0.0049850448654037,0.0019940179461615,,,,0.0009970089730807,,0.0019940179461615,0.0303623898139079,0.5582761998041136,0.0558276199804113,0.345739471106758,0.009794319294809,0.1743388834476004,0.0156709108716944,0.2899118511263467,0.2438785504407443,0.2761998041136141,0.0117531831537708,0.4583741429970617,0.0636630754162585,0.0058765915768854,0.4603330068560235,0.0352595494613124,0.0411361410381978,0.5328109696376102,0.0146914789422135,0.376101860920666,,,0.0763956904995102,0.4250734573947111,0.4103819784524976,0.0861900097943192,0.0019588638589618,0.0235063663075416,0.4211557296767874,0.4603330068560235,0.0107737512242899,0.0842311459353575,0.3408423114593535,0.0186092066601371,0.0048971596474045,0.4524975514201763,0.1831537708129285,0.0215475024485798,0.4632713026444662,0.267384916748286,0.2428991185112634,0.0048971596474045,0.0019588638589618,0.544564152791381,0.0303623898139079,0.1498530852105778,0.0048971596474045,0.2683643486777669,0.0421155729676787,0.0039177277179236,0.3095004897159647,0.1811949069539667,0.3173359451518119,0.1459353574926542,,0.2914572864321608,0.0894472361809045,0.1316582914572864,0.1628140703517588,0.3246231155778894,0.0440744368266405,0.058765915768854,0.3751224289911851,0.5132223310479922,0.0088148873653281,0.0011148272017837,,0.0011148272017837,0.0044593088071348,0.20958751393534,0.0011148272017837,0.0055741360089186,0.0011148272017837,0.0066889632107023,0.0189520624303233,,0.0144927536231884,0.0089186176142697,0.0122630992196209,0.0156075808249721,0.0858416945373467,0.0022296544035674,0.5696767001114827,0.0412486064659977
2012,59.44,54.07,19.0,57.0,40.0,61%,58%,52%,34.0,59.0,48.0,801129.0,59.0,41.0,31.0,12.0,104.0,101.885,769331.0,19.0,86.6,0.0088408644400785,0.0098231827111984,0.005893909626719,0.0098231827111984,0.0117878192534381,0.005893909626719,0.0117878192534381,0.0068762278978389,0.0098231827111984,0.0068762278978389,0.0078585461689587,0.0127701375245579,0.0127701375245579,0.0088408644400785,0.0137524557956778,0.0127701375245579,0.0068762278978389,0.0127701375245579,0.0049115913555992,0.0088408644400785,0.0078585461689587,0.0078585461689587,0.0147347740667976,0.0088408644400785,0.0117878192534381,0.018664047151277,0.0078585461689587,0.0147347740667976,0.0127701375245579,0.0157170923379174,0.0127701375245579,0.0147347740667976,0.0225933202357563,0.0098231827111984,0.0216110019646365,0.0225933202357563,0.0078585461689587,0.018664047151277,0.0216110019646365,0.0206286836935167,0.0176817288801571,0.0275049115913556,0.024557956777996,0.0225933202357563,0.0196463654223968,0.0275049115913556,0.018664047151277,0.037328094302554,0.0147347740667976,0.0166994106090373,0.0284872298624754,0.0235756385068762,0.0255402750491159,0.0147347740667976,0.0206286836935167,0.0225933202357563,0.0137524557956778,0.018664047151277,0.0147347740667976,0.0127701375245579,0.0068762278978389,0.0078585461689587,0.0147347740667976,0.0078585461689587,0.0108055009823182,0.0068762278978389,0.005893909626719,0.0019646365422396,0.005893909626719,0.0049115913555992,0.0078585461689587,0.0019646365422396,0.0039292730844793,0.0029469548133595,,0.0009823182711198,0.0009823182711198,0.0009823182711198,,,,0.0009823182711198,0.015625,0.5419921875,0.0576171875,0.3642578125,0.0205078125,0.1884765625,0.01171875,0.28125,0.2333984375,0.28515625,0.0126953125,0.4951171875,0.064453125,0.0078125,0.419921875,0.0283203125,0.0283203125,0.5078125,0.021484375,0.400390625,0.013671875,0.00390625,0.0712890625,0.4384765625,0.40234375,0.0830078125,0.0009765625,0.0224609375,0.4462890625,0.44140625,0.005859375,0.083984375,0.3056640625,0.017578125,0.0068359375,0.455078125,0.21484375,0.0205078125,0.451171875,0.27734375,0.248046875,0.0029296875,0.00390625,0.568359375,0.02734375,0.123046875,0.0029296875,0.2744140625,0.0268714011516314,0.0095969289827255,0.328214971209213,0.1669865642994241,0.2629558541266795,0.2053742802303263,,0.2942913385826771,0.0974409448818897,0.1584645669291338,0.1505905511811023,0.2992125984251969,0.03515625,0.0478515625,0.3984375,0.5087890625,0.009765625,0.0011074197120708,0.0022148394241417,0.0011074197120708,0.0044296788482834,0.2513842746400886,,0.0088593576965669,0.0022148394241417,0.0011074197120708,0.0310077519379844,,0.0310077519379844,0.0055370985603543,0.0044296788482834,0.0210409745293466,0.0686600221483942,,0.5348837209302325,0.0310077519379844
2013,56.37,51.13,19.4,53.0,43.0,64%,52%,46%,31.0,59.0,35.0,822004.0,60.0,40.0,32.0,11.0,100.0,99.24,789016.0,19.4,90.8,0.0159045725646123,0.0099403578528827,0.0099403578528827,0.0109343936381709,0.0129224652087475,0.0089463220675944,0.0139165009940357,0.0119284294234592,0.0079522862823061,0.014910536779324,0.0089463220675944,0.0129224652087475,0.0129224652087475,0.0099403578528827,0.0159045725646123,0.0089463220675944,0.0139165009940357,0.0059642147117296,0.0099403578528827,0.0168986083499005,0.0109343936381709,0.014910536779324,0.0188866799204771,0.0089463220675944,0.0129224652087475,0.0099403578528827,0.0109343936381709,0.0159045725646123,0.0089463220675944,0.0099403578528827,0.0178926441351888,0.014910536779324,0.0198807157057654,0.0178926441351888,0.0188866799204771,0.0159045725646123,0.0268389662027833,0.0159045725646123,0.0228628230616302,0.0228628230616302,0.0218687872763419,0.0188866799204771,0.0318091451292246,0.0288270377733598,0.0198807157057654,0.0089463220675944,0.0159045725646123,0.025844930417495,0.0278330019880715,0.0218687872763419,0.0119284294234592,0.0159045725646123,0.0198807157057654,0.0168986083499005,0.014910536779324,0.0139165009940357,0.0188866799204771,0.0119284294234592,0.0119284294234592,0.0119284294234592,0.0129224652087475,0.0089463220675944,0.0059642147117296,0.0099403578528827,0.0089463220675944,0.0049701789264413,0.0069582504970178,0.0019880715705765,0.003976143141153,0.003976143141153,0.0029821073558648,0.0019880715705765,0.0009940357852882,0.0019880715705765,0.0029821073558648,,,,,,,0.0009940357852882,0.0283757338551859,0.4892367906066536,0.0499021526418786,0.4119373776908023,0.0205479452054794,0.1859099804305283,0.0107632093933463,0.2710371819960861,0.2338551859099804,0.2984344422700587,0.0156555772994129,0.5195694716242661,0.1183953033268101,0.0088062622309197,0.337573385518591,0.0264187866927592,0.0185909980430528,0.4823874755381604,0.0254403131115459,0.4315068493150685,0.0156555772994129,0.0048923679060665,0.073385518590998,0.4295499021526419,0.4138943248532289,0.0772994129158512,0.0009784735812133,0.0322896281800391,0.4158512720156556,0.474559686888454,0.0068493150684931,0.0704500978473581,0.3180039138943248,0.0195694716242661,0.0039138943248532,0.4755381604696673,0.1829745596868884,0.0234833659491193,0.4099804305283757,0.3131115459882583,0.24853228962818,0.0048923679060665,0.0039138943248532,0.538160469667319,0.0313111545988258,0.149706457925636,0.0009784735812133,0.2759295499021526,0.022504892367906,0.009784735812133,0.334637964774951,0.2064579256360078,0.2221135029354207,0.2045009784735812,,0.337,0.094,0.133,0.154,0.282,0.0420743639921722,0.0450097847358121,0.4227005870841487,0.4814090019569471,0.0088062622309197,0.002301495972382,0.0069044879171461,0.001150747986191,0.0057537399309551,0.2497123130034522,,0.0092059838895281,0.0103567318757192,0.003452243958573,0.0230149597238204,,0.0195627157652474,0.0057537399309551,0.001150747986191,0.0184119677790563,0.095512082853855,,0.5166858457997698,0.0310701956271576
2014,48.11,46.03,19.5,,,,,,32.0,64.0,37.0,830584.0,59.0,41.0,31.0,13.0,99.0,98.569,797166.0,19.5,91.7,0.017391304347826,0.0096618357487922,0.0067632850241545,0.0125603864734299,0.0057971014492753,0.0144927536231884,0.0077294685990338,0.0183574879227053,0.0096618357487922,0.0106280193236714,0.0106280193236714,0.0077294685990338,0.0154589371980676,0.0067632850241545,0.0115942028985507,0.0125603864734299,0.008695652173913,0.0125603864734299,0.0115942028985507,0.0125603864734299,0.0154589371980676,0.0096618357487922,0.0164251207729468,0.0077294685990338,0.017391304347826,0.0154589371980676,0.0164251207729468,0.0154589371980676,0.0096618357487922,0.0154589371980676,0.017391304347826,0.017391304347826,0.0154589371980676,0.0144927536231884,0.0183574879227053,0.017391304347826,0.0260869565217391,0.0260869565217391,0.0212560386473429,0.0193236714975845,0.0183574879227053,0.017391304347826,0.0318840579710144,0.0164251207729468,0.0183574879227053,0.0222222222222222,0.0135265700483091,0.0212560386473429,0.0202898550724637,0.0280193236714975,0.017391304347826,0.0125603864734299,0.0222222222222222,0.0096618357487922,0.0193236714975845,0.0144927536231884,0.0106280193236714,0.0164251207729468,0.017391304347826,0.0106280193236714,0.0135265700483091,0.0077294685990338,0.0144927536231884,0.0077294685990338,0.0067632850241545,0.0067632850241545,0.0028985507246376,0.0048309178743961,0.0038647342995169,0.0048309178743961,0.0019323671497584,0.0019323671497584,0.0038647342995169,0.0009661835748792,,0.0009661835748792,0.0019323671497584,,,,,0.0009661835748792,0.0286259541984732,0.4541984732824427,0.0448473282442748,0.4465648854961832,0.0257633587786259,0.2022900763358778,0.0057251908396946,0.3005725190839695,0.232824427480916,0.258587786259542,0.0124045801526717,0.5114503816793893,0.1679389312977099,0.0076335877862595,0.3005725190839695,0.0448473282442748,0.0229007633587786,0.4341603053435114,0.0181297709923664,0.4666030534351145,0.0133587786259541,0.0057251908396946,0.0639312977099236,0.4284351145038167,0.4036259541984733,0.0973282442748091,0.0009541984732824,0.0104961832061068,0.4312977099236641,0.4942748091603053,0.0057251908396946,0.058206106870229,0.3177480916030534,0.0104961832061068,0.0038167938931297,0.4589694656488549,0.2089694656488549,0.0124045801526717,0.4570610687022901,0.3053435114503817,0.2194656488549618,0.0057251908396946,,0.523854961832061,0.0229007633587786,0.1374045801526717,,0.3158396946564885,,,,,,,,0.2880859375,0.09765625,0.14453125,0.18359375,0.2861328125,0.032442748091603,0.0458015267175572,0.383587786259542,0.5305343511450382,0.0076335877862595,0.0011210762331838,,0.0067264573991031,0.0022421524663677,0.265695067264574,,0.0134529147982062,0.0044843049327354,0.0033632286995515,0.0246636771300448,,0.0145739910313901,0.0089686098654708,0.0056053811659192,0.0280269058295964,0.0840807174887892,0.0011210762331838,0.4977578475336323,0.0381165919282511
2015,43.86,44.14,19.6,51.0,43.0,68%,48%,42%,,,28.0,830288.0,58.0,42.0,30.0,12.0,99.0,98.672,797178.0,19.5,92.3,0.0179640718562874,0.0089820359281437,0.0139720558882235,0.0089820359281437,0.0089820359281437,0.0129740518962075,0.0079840319361277,0.0069860279441117,0.0059880239520958,0.0109780439121756,0.0149700598802395,0.0089820359281437,0.0049900199600798,0.0049900199600798,0.0119760479041916,0.0149700598802395,0.0159680638722554,0.0089820359281437,0.0089820359281437,0.0089820359281437,0.0079840319361277,0.0079840319361277,0.0169660678642714,0.0039920159680638,0.0139720558882235,0.0109780439121756,0.0139720558882235,0.0189620758483033,0.0149700598802395,0.0109780439121756,0.0129740518962075,0.0139720558882235,0.0239520958083832,0.0119760479041916,0.0169660678642714,0.0219560878243512,0.0179640718562874,0.0229540918163672,0.0129740518962075,0.0169660678642714,0.0249500998003992,0.0169660678642714,0.0269461077844311,0.0219560878243512,0.0219560878243512,0.0149700598802395,0.0229540918163672,0.0209580838323353,0.030938123752495,0.0319361277445109,0.0369261477045908,0.0169660678642714,0.0229540918163672,0.0149700598802395,0.0149700598802395,0.0149700598802395,0.0139720558882235,0.0129740518962075,0.0119760479041916,0.0059880239520958,0.0089820359281437,0.0059880239520958,0.0109780439121756,0.0069860279441117,0.0099800399201596,0.0079840319361277,0.0099800399201596,0.0129740518962075,0.0039920159680638,0.0049900199600798,0.0039920159680638,0.0009980039920159,0.0019960079840319,0.0019960079840319,0.0019960079840319,0.0019960079840319,0.0009980039920159,,,,,0.0009980039920159,0.0263414634146341,0.4478048780487805,0.0634146341463414,0.4497560975609756,0.0126829268292682,0.2156097560975609,0.0117073170731707,0.288780487804878,0.1882926829268292,0.2956097560975609,0.0126829268292682,0.5063414634146342,0.2380487804878048,0.0048780487804878,0.2380487804878048,0.0409756097560975,0.0341463414634146,0.4292682926829268,0.0185365853658536,0.4585365853658537,0.0185365853658536,0.0058536585365853,0.0751219512195121,0.4468292682926829,0.3863414634146341,0.0839024390243902,0.0019512195121951,0.0214634146341463,0.424390243902439,0.4819512195121951,0.0009756097560975,0.0712195121951219,0.3229268292682927,0.0175609756097561,0.0019512195121951,0.4634146341463415,0.1941463414634146,0.0136585365853658,0.4497560975609756,0.3258536585365854,0.2058536585365853,0.0048780487804878,0.0029268292682926,0.52,0.0341463414634146,0.1756097560975609,0.0019512195121951,0.2653658536585366,0.0370731707317073,0.0058536585365853,0.3365853658536585,0.1951219512195122,0.2048780487804878,0.2204878048780487,,0.2718253968253968,0.1101190476190476,0.1269841269841269,0.1825396825396825,0.308531746031746,0.0439024390243902,0.0478048780487804,0.3765853658536585,0.5287804878048781,0.0029268292682926,0.0011173184357541,0.0022346368715083,,0.0078212290502793,0.2558659217877095,0.0011173184357541,0.0067039106145251,0.0033519553072625,0.0033519553072625,0.0245810055865921,0.0011173184357541,0.0279329608938547,0.0089385474860335,0.0055865921787709,0.0156424581005586,0.0871508379888268,0.0033519553072625,0.5106145251396648,0.0335195530726257
2016,43.92,42.26,19.8,44.0,54.0,53%,45%,34%,21.0,73.0,27.0,839918.0,58.0,42.0,29.0,11.0,99.0,99.565,805694.0,19.8,92.3,0.0141843971631205,0.0131712259371833,0.0182370820668693,0.0151975683890577,0.0060790273556231,0.0131712259371833,0.0050658561296859,0.0101317122593718,0.0141843971631205,0.0101317122593718,0.0121580547112462,0.011144883485309,0.011144883485309,0.0101317122593718,0.0101317122593718,0.011144883485309,0.0030395136778115,0.0172239108409321,0.0131712259371833,0.0091185410334346,0.0151975683890577,0.0121580547112462,0.0151975683890577,0.0050658561296859,0.0131712259371833,0.0141843971631205,0.0121580547112462,0.022289766970618,0.0141843971631205,0.0131712259371833,0.0131712259371833,0.0121580547112462,0.0172239108409321,0.0182370820668693,0.0172239108409321,0.0151975683890577,0.0182370820668693,0.0182370820668693,0.0202634245187436,0.0172239108409321,0.0172239108409321,0.0253292806484295,0.0273556231003039,0.0202634245187436,0.0263424518743667,0.0131712259371833,0.0293819655521783,0.033434650455927,0.0293819655521783,0.0182370820668693,0.0151975683890577,0.0253292806484295,0.0202634245187436,0.0131712259371833,0.0162107396149949,0.0121580547112462,0.0131712259371833,0.0151975683890577,0.0081053698074974,0.0101317122593718,0.0101317122593718,0.0101317122593718,0.0091185410334346,0.0081053698074974,0.0050658561296859,0.0060790273556231,0.0050658561296859,0.0050658561296859,0.0020263424518743,0.0040526849037487,0.0030395136778115,0.0020263424518743,0.0030395136778115,0.0010131712259371,0.0010131712259371,0.0010131712259371,0.0010131712259371,0.0010131712259371,,,,0.0010131712259371,0.0215897939156035,0.3915603532875368,0.0520117762512266,0.5240431795878312,0.0107948969578017,0.240431795878312,0.0137389597644749,0.2266928361138371,0.1992149165848871,0.3199214916584887,0.014720314033366,0.4985279685966634,0.2502453385672227,0.0039254170755642,0.2325809617271835,0.0215897939156035,0.0235525024533856,0.3621197252208047,0.0107948969578017,0.5721295387634936,0.0098135426889106,0.0068694798822374,0.0608439646712463,0.3827281648675171,0.4484789008832188,0.099116781157998,0.0019627085377821,0.0206084396467124,0.3581943081452404,0.5466143277723258,0.0068694798822374,0.0677134445534838,0.2855740922473013,0.0196270853778213,0.0029440628066732,0.5603532875368008,0.1315014720314033,0.0176643768400392,0.3640824337585868,0.3797841020608439,0.2374877330716388,0.000981354268891,0.0019627085377821,0.5564278704612365,0.0382728164867517,0.1472031403336604,,0.2561334641805692,0.0186457311089303,0.0049067713444553,0.2885181550539745,0.2443572129538763,0.1923454367026496,0.2512266928361138,,0.3276553106212425,0.0791583166332665,0.1533066132264529,0.1553106212424849,0.2845691382765531,0.0363101079489695,0.0510304219823356,0.4602551521099117,0.4524043179587831,,,0.0023980815347721,0.001199040767386,0.0035971223021582,0.2745803357314149,,0.0083932853717026,0.0059952038369304,0.001199040767386,0.0323741007194244,,0.0227817745803357,0.0107913669064748,0.0119904076738609,0.0299760191846522,0.0863309352517985,0.0023980815347721,0.4556354916067146,0.0503597122302158
2017,35.55,39.04,20.0,,,,,,23.0,71.0,27.0,838861.0,57.0,43.0,28.0,10.0,99.0,99.629,804950.0,19.9,92.3,0.0179282868525896,0.0089641434262948,0.0149402390438247,0.0119521912350597,0.0149402390438247,0.0069721115537848,0.0139442231075697,0.0258964143426294,0.0089641434262948,0.0169322709163346,0.0099601593625498,0.0089641434262948,0.0129482071713147,0.0109561752988047,0.0149402390438247,0.0049800796812749,0.0079681274900398,0.0179282868525896,0.0099601593625498,0.0119521912350597,0.0139442231075697,0.0079681274900398,0.0169322709163346,0.0149402390438247,0.0139442231075697,0.0129482071713147,0.0089641434262948,0.0089641434262948,0.0129482071713147,0.0109561752988047,0.0179282868525896,0.0139442231075697,0.0099601593625498,0.0149402390438247,0.0149402390438247,0.0119521912350597,0.0229083665338645,0.0169322709163346,0.0119521912350597,0.0199203187250996,0.0209163346613545,0.0189243027888446,0.0338645418326693,0.0169322709163346,0.0258964143426294,0.0239043824701195,0.0209163346613545,0.0288844621513944,0.0179282868525896,0.0129482071713147,0.0139442231075697,0.0229083665338645,0.0288844621513944,0.0139442231075697,0.0149402390438247,0.0149402390438247,0.0169322709163346,0.0129482071713147,0.0109561752988047,0.0099601593625498,0.0129482071713147,0.0079681274900398,0.0119521912350597,0.0039840637450199,0.0059760956175298,0.0119521912350597,0.0059760956175298,0.0039840637450199,0.0059760956175298,0.0029880478087649,0.0039840637450199,0.0009960159362549,0.0009960159362549,0.0009960159362549,0.0019920318725099,0.0019920318725099,0.0019920318725099,0.0009960159362549,,,0.0009960159362549,,0.0216110019646365,0.3919449901768173,0.0481335952848723,0.5206286836935167,0.0176817288801571,0.2544204322200393,0.005893909626719,0.224950884086444,0.2092337917485265,0.3055009823182711,0.024557956777996,0.5088408644400786,0.2544204322200393,0.0098231827111984,0.2023575638506876,0.0255402750491159,0.0166994106090373,0.3762278978388998,0.0049115913555992,0.5589390962671905,0.0176817288801571,0.0029469548133595,0.0766208251473477,0.4430255402750491,0.3968565815324165,0.0756385068762279,0.0049115913555992,0.0176817288801571,0.37524557956778,0.550098231827112,0.0078585461689587,0.0491159135559921,0.2829076620825147,0.018664047151277,0.005893909626719,0.5530451866404715,0.1394891944990176,0.0157170923379174,0.3664047151277014,0.3182711198428291,0.2946954813359528,0.0049115913555992,0.0009823182711198,0.5216110019646365,0.0275049115913556,0.1424361493123772,,0.3074656188605108,,,,,,,,0.3013013013013013,0.078078078078078,0.1641641641641641,0.1601601601601601,0.2962962962962963,0.0206286836935167,0.0225933202357563,0.4823182711198428,0.4695481335952848,0.0049115913555992,0.0035714285714285,0.0023809523809523,0.0023809523809523,0.0047619047619047,0.2476190476190476,,0.0071428571428571,0.0047619047619047,0.0035714285714285,0.0380952380952381,0.0011904761904761,0.0142857142857142,0.0083333333333333,0.0035714285714285,0.019047619047619,0.1047619047619047,0.0023809523809523,0.4821428571428571,0.05
2018,45.26,38.11,19.3,,,,,,21.0,73.0,25.0,841328.0,56.0,44.0,26.0,9.0,98.0,99.433,807084.0,19.3,92.5,0.0116504854368932,0.0097087378640776,0.0126213592233009,0.0145631067961165,0.0087378640776699,0.0077669902912621,0.0174757281553398,0.0145631067961165,0.0145631067961165,0.0087378640776699,0.0174757281553398,0.0126213592233009,0.0116504854368932,0.0135922330097087,0.0126213592233009,0.0145631067961165,0.0067961165048543,0.0116504854368932,0.0116504854368932,0.0106796116504854,0.016504854368932,0.0087378640776699,0.0106796116504854,0.0135922330097087,0.0106796116504854,0.0155339805825242,0.0087378640776699,0.0145631067961165,0.0145631067961165,0.0203883495145631,0.0184466019417475,0.0135922330097087,0.016504854368932,0.0135922330097087,0.0174757281553398,0.0135922330097087,0.0155339805825242,0.0223300970873786,0.016504854368932,0.0213592233009708,0.0213592233009708,0.0194174757281553,0.0233009708737864,0.0106796116504854,0.0252427184466019,0.0213592233009708,0.0174757281553398,0.0194174757281553,0.0223300970873786,0.0252427184466019,0.0233009708737864,0.0145631067961165,0.0310679611650485,0.0203883495145631,0.0194174757281553,0.0184466019417475,0.0126213592233009,0.0077669902912621,0.0145631067961165,0.0145631067961165,0.0067961165048543,0.0087378640776699,0.0048543689320388,0.0087378640776699,0.0077669902912621,0.0067961165048543,0.0048543689320388,0.0067961165048543,0.0009708737864077,0.0009708737864077,0.003883495145631,0.0019417475728155,0.0029126213592233,0.0009708737864077,,0.0019417475728155,0.0009708737864077,0.0009708737864077,,,,,0.0288184438040345,0.3554274735830932,0.042267050912584,0.5619596541786743,0.0115273775216138,0.2478386167146974,0.0086455331412103,0.2170989433237271,0.2046109510086455,0.3218059558117195,0.0192122958693563,0.4918347742555235,0.2622478386167147,0.0057636887608069,0.2209414024975984,0.0288184438040345,0.0144092219020172,0.3573487031700288,0.0163304514889529,0.5734870317002881,0.0096061479346781,0.0009606147934678,0.0720461095100864,0.3698366954851104,0.4476464937560038,0.1066282420749279,0.0028818443804034,0.0124879923150816,0.3487031700288184,0.5821325648414986,0.0067243035542747,0.0499519692603266,0.3045148895292987,0.0086455331412103,0.0038424591738712,0.5965417867435159,0.0864553314121037,0.0124879923150816,0.366954851104707,0.3746397694524496,0.2459173871277617,,0.0009606147934678,0.5283381364073007,0.0268972142170989,0.1316042267050912,0.0009606147934678,0.3112391930835735,,,,,,,,0.286692759295499,0.1076320939334637,0.1741682974559686,0.1653620352250489,0.2661448140900195,0.0393852065321806,0.0470701248799231,0.3842459173871277,0.521613832853026,0.0076849183477425,0.0023809523809523,0.0047619047619047,0.0011904761904761,0.0095238095238095,0.2869047619047619,,0.0035714285714285,0.0047619047619047,0.0011904761904761,0.0285714285714285,0.0023809523809523,0.0202380952380952,0.0059523809523809,0.0059523809523809,0.0226190476190476,0.0833333333333333,0.0023809523809523,0.4666666666666667,0.0476190476190476
2019,W,W,19.6,49.0,49.0,65%,42%,42%,,,28.0,843330.0,55.0,45.0,24.0,8.0,96.0,98.119,809409.0,19.6,93.4,0.0127576054955839,0.0098135426889106,0.0049067713444553,0.0058881256133464,0.0107948969578017,0.0127576054955839,0.0137389597644749,0.014720314033366,0.0176643768400392,0.0107948969578017,0.0107948969578017,0.0039254170755642,0.0186457311089303,0.0088321884200196,0.0157016683022571,0.0058881256133464,0.0058881256133464,0.0186457311089303,0.0166830225711481,0.0127576054955839,0.0166830225711481,0.0137389597644749,0.0166830225711481,0.0157016683022571,0.0166830225711481,0.0049067713444553,0.0088321884200196,0.0166830225711481,0.0078508341511285,0.0137389597644749,0.0176643768400392,0.014720314033366,0.0166830225711481,0.0127576054955839,0.0186457311089303,0.0157016683022571,0.0235525024533856,0.0117762512266928,0.0186457311089303,0.0196270853778213,0.0196270853778213,0.0186457311089303,0.0176643768400392,0.0117762512266928,0.0157016683022571,0.0176643768400392,0.0157016683022571,0.0245338567222767,0.0186457311089303,0.0245338567222767,0.028459273797841,0.0157016683022571,0.0186457311089303,0.0186457311089303,0.028459273797841,0.0127576054955839,0.0157016683022571,0.0117762512266928,0.0107948969578017,0.0088321884200196,0.0157016683022571,0.0127576054955839,0.0166830225711481,0.0088321884200196,0.0039254170755642,0.0127576054955839,0.0029440628066732,0.0078508341511285,0.0019627085377821,0.0068694798822374,0.0039254170755642,0.0058881256133464,0.0029440628066732,0.000981354268891,0.0029440628066732,0.000981354268891,0.000981354268891,0.000981354268891,0.0019627085377821,0.000981354268891,,,0.0115495668912415,0.3156881616939365,0.039461020211742,0.6227141482194418,0.0105871029836381,0.2204042348411934,0.0076997112608277,0.2281039461020211,0.2107795957651588,0.3330125120307988,,,,,,,,,,,,0.0038498556304138,0.1049085659287776,0.3503368623676612,0.4032723772858518,0.1357074109720885,0.0019249278152069,0.0086621751684311,0.3368623676612127,0.615014436958614,0.0028873917228103,0.0365736284889316,0.3070259865255053,0.0067372473532242,0.0009624639076034,0.6044273339749759,0.080846968238691,0.012512030798845,0.3705486044273339,0.3926852743022136,0.21944177093359,0.0048123195380173,0.0009624639076034,0.548604427333975,0.0211742059672762,0.1376323387872954,0.0028873917228103,0.2887391722810394,0.0148698884758364,0.0092936802973977,0.3327137546468401,0.2472118959107806,0.1988847583643122,0.1970260223048327,,0.3052837573385518,0.0851272015655577,0.1614481409001956,0.1487279843444227,0.299412915851272,0.0356111645813282,0.0230991337824831,0.4013474494706448,0.5370548604427334,0.0028873917228103,0.0023501762632197,0.0023501762632197,0.0011750881316098,0.0058754406580493,0.2326674500587544,,0.0023501762632197,0.0047003525264394,0.0035252643948296,0.0423031727379553,,0.027027027027027,0.008225616921269,0.0094007050528789,0.0223266745005875,0.1163337250293772,0.0035252643948296,0.4770857814336075,0.0387779083431257
2020,W,W,19.7,,,,,,,,22.0,823149.0,60.0,25.0,32.0,8.0,94.0,96.501,789879.0,19.7,92.4,0.0169660678642714,0.0129740518962075,0.0169660678642714,0.0119760479041916,0.0099800399201596,0.0119760479041916,0.0139720558882235,0.0119760479041916,0.0089820359281437,0.0089820359281437,0.0119760479041916,0.0129740518962075,0.0179640718562874,0.0089820359281437,0.0129740518962075,0.0069860279441117,0.0089820359281437,0.0149700598802395,0.0129740518962075,0.0109780439121756,0.0189620758483033,0.0179640718562874,0.0139720558882235,0.0119760479041916,0.0119760479041916,0.0079840319361277,0.0169660678642714,0.0099800399201596,0.0079840319361277,0.0099800399201596,0.0129740518962075,0.0149700598802395,0.0219560878243512,0.0069860279441117,0.0079840319361277,0.0239520958083832,0.0169660678642714,0.0169660678642714,0.0129740518962075,0.0139720558882235,0.0139720558882235,0.0179640718562874,0.0249500998003992,0.0199600798403193,0.0229540918163672,0.0249500998003992,0.0129740518962075,0.0239520958083832,0.0139720558882235,0.0199600798403193,0.0169660678642714,0.028942115768463,0.0279441117764471,0.0179640718562874,0.0239520958083832,0.0219560878243512,0.0119760479041916,0.0119760479041916,0.0129740518962075,0.0159680638722554,0.0089820359281437,0.0099800399201596,0.0139720558882235,0.0069860279441117,0.0069860279441117,0.0049900199600798,0.0049900199600798,0.0039920159680638,0.0069860279441117,0.0039920159680638,0.0039920159680638,0.0019960079840319,0.0089820359281437,0.0019960079840319,0.0009980039920159,,0.0019960079840319,,,,,,0.0127576054955839,0.3434739941118744,0.0510304219823356,0.5829244357212954,0.0098135426889106,0.2492639842983317,0.0078508341511285,0.1962708537782139,0.225711481844946,0.3209028459273798,,,,,,,,,,,,0.0019627085377821,0.0657507360157016,0.3797841020608439,0.4131501472031403,0.1383709519136408,0.000981354268891,0.0078508341511285,0.353287536800785,0.5966633954857704,0.000981354268891,0.0412168792934249,0.3316977428851815,0.0058881256133464,0.0049067713444553,0.6074582924435721,0.0500490677134445,0.000981354268891,0.3856722276741904,0.3738959764474975,0.2365063788027478,0.0029440628066732,,0.6162904808635917,0.0215897939156035,0.1069676153091266,0.000981354268891,0.254170755642787,,,,,,,,0.312938816449348,0.0792377131394182,0.1404212637913741,0.1384152457372116,0.3289869608826479,0.0176643768400392,0.0255152109911678,0.451422963689892,0.4995093228655544,0.0058881256133464,0.0023696682464454,0.0035545023696682,0.0011848341232227,0.0118483412322274,0.2571090047393365,,0.0011848341232227,0.0059241706161137,0.0047393364928909,0.0248815165876777,,0.0165876777251184,0.0059241706161137,0.0059241706161137,0.0296208530805687,0.0675355450236966,0.0213270142180094,0.5035545023696683,0.0367298578199052
2021,43.04,33.4,18.9,,,,,,,,37.0,811551.0,76.0,24.0,33.0,6.0,93.0,95.546,779645.0,19.0,92.8,0.0119880119880119,0.0139860139860139,0.0119880119880119,0.0119880119880119,0.0039960039960039,0.0129870129870129,0.0079920079920079,0.0129870129870129,0.0089910089910089,0.0109890109890109,0.0169830169830169,0.0099900099900099,0.0149850149850149,0.0069930069930069,0.0099900099900099,0.0079920079920079,0.0109890109890109,0.0159840159840159,0.0069930069930069,0.0139860139860139,0.0119880119880119,0.0219780219780219,0.0209790209790209,0.0109890109890109,0.0139860139860139,0.0129870129870129,0.0039960039960039,0.0189810189810189,0.0119880119880119,0.0089910089910089,0.0159840159840159,0.0139860139860139,0.0149850149850149,0.0129870129870129,0.0119880119880119,0.0129870129870129,0.0219780219780219,0.0149850149850149,0.0119880119880119,0.0269730269730269,0.0119880119880119,0.0159840159840159,0.0269730269730269,0.0209790209790209,0.0219780219780219,0.0219780219780219,0.0149850149850149,0.0179820179820179,0.0239760239760239,0.0239760239760239,0.0289710289710289,0.0229770229770229,0.0279720279720279,0.0169830169830169,0.0129870129870129,0.0169830169830169,0.0139860139860139,0.0189810189810189,0.0189810189810189,0.0119880119880119,0.0099900099900099,0.0099900099900099,0.0119880119880119,0.0069930069930069,0.0079920079920079,0.0049950049950049,0.0049950049950049,0.0099900099900099,0.0059940059940059,0.0019980019980019,0.0039960039960039,0.0029970029970029,0.0019980019980019,0.0019980019980019,0.0009990009990009,,,,0.0009990009990009,,,0.0019980019980019,0.0099009900990099,0.4405940594059406,0.0534653465346534,0.4841584158415841,0.0118811881188118,0.2871287128712871,0.0029702970297029,0.2148514851485148,0.1811881188118811,0.3138613861386138,0.0089108910891089,0.5158415841584159,0.1534653465346534,0.0049504950495049,0.3168316831683168,,,,,,,0.0019801980198019,0.1079207920792079,0.3435643564356436,0.4257425742574257,0.1188118811881188,0.0019801980198019,0.0108910891089108,0.4217821782178217,0.5138613861386139,,0.0534653465346534,0.299009900990099,0.0019801980198019,0.0009900990099009,0.5287128712871287,0.1693069306930693,0.0039603960396039,0.4178217821782178,0.3574257425742574,0.2198019801980198,0.0009900990099009,,0.5702970297029702,0.0158415841584158,0.1306930693069307,0.0019801980198019,0.2811881188118812,,,,,,,,0.3055276381909548,0.0874371859296482,0.1557788944723618,0.1688442211055276,0.2824120603015075,0.0049504950495049,0.0138613861386138,0.5287128712871287,0.4495049504950495,0.0029702970297029,0.0036945812807881,0.0036945812807881,0.0024630541871921,0.0024630541871921,0.2623152709359606,,0.0024630541871921,0.0049261083743842,0.001231527093596,0.0283251231527093,,0.0147783251231527,0.0135467980295566,0.0073891625615763,0.0332512315270936,0.0985221674876847,0.0024630541871921,0.4839901477832512,0.0344827586206896
2022,W,W,18.0,51.0,47.0,60%,54%,39%,,,47.0,803668.0,77.0,23.0,29.0,7.0,92.0,94.659,771537.0,18.2,92.7,0.0070351758793969,0.0100502512562814,0.0080402010050251,0.0090452261306532,0.0130653266331658,0.0130653266331658,0.0080402010050251,0.0160804020100502,0.0070351758793969,0.0201005025125628,0.0120603015075376,0.0110552763819095,0.0201005025125628,0.0060301507537688,0.0180904522613065,0.0090452261306532,0.0110552763819095,0.0100502512562814,0.0170854271356783,0.0090452261306532,0.0100502512562814,0.0110552763819095,0.022110552763819,0.0100502512562814,0.0180904522613065,0.0120603015075376,0.0150753768844221,0.0180904522613065,0.0140703517587939,0.0160804020100502,0.0110552763819095,0.0130653266331658,0.0150753768844221,0.0180904522613065,0.0140703517587939,0.0150753768844221,0.0211055276381909,0.0080402010050251,0.0130653266331658,0.0190954773869346,0.0190954773869346,0.0080402010050251,0.0251256281407035,0.0201005025125628,0.029145728643216,0.0110552763819095,0.0190954773869346,0.0201005025125628,0.0120603015075376,0.0201005025125628,0.0180904522613065,0.0251256281407035,0.0180904522613065,0.0190954773869346,0.0150753768844221,0.0150753768844221,0.0130653266331658,0.0301507537688442,0.0110552763819095,0.0070351758793969,0.0110552763819095,0.0140703517587939,0.0180904522613065,0.0120603015075376,0.0090452261306532,0.0050251256281407,0.0080402010050251,0.0080402010050251,0.0030150753768844,0.0010050251256281,0.0030150753768844,0.0060301507537688,0.0020100502512562,0.0040201005025125,0.0030150753768844,0.0020100502512562,0.0020100502512562,,,0.0010050251256281,,0.0020100502512562,0.0088495575221238,0.4621435594886922,0.0403146509341199,0.4827925270403146,0.0058997050147492,0.2409046214355948,0.0058997050147492,0.2123893805309734,0.2025565388397247,0.3382497541789577,0.0029498525073746,0.4503441494591937,0.0973451327433628,0.0039331366764995,0.4454277286135693,0.0245821042281219,0.0049164208456243,0.4965585054080629,0.0058997050147492,0.4601769911504424,0.007866273352999,0.0009832841691248,0.0894788593903638,0.3559488692232055,0.4139626352015733,0.1376597836774828,0.0019665683382497,0.0049164208456243,0.3628318584070796,0.56047197640118,0.0019665683382497,0.0698131760078662,0.288102261553589,0.0049164208456243,0.0019665683382497,0.495575221238938,0.2094395280235988,0.0049164208456243,0.4365781710914454,0.3421828908554572,0.2143559488692232,0.0019665683382497,,0.5644051130776795,0.0196656833824975,0.1307767944936086,,0.2851524090462143,0.0117994100294985,0.0049164208456243,0.3156342182890855,0.1887905604719764,0.2684365781710914,0.2104228121927236,,0.2865671641791045,0.0805970149253731,0.1273631840796019,0.1850746268656716,0.3203980099502487,,,,,,,0.0048899755501222,0.0012224938875305,0.0073349633251833,0.2823960880195599,,0.0012224938875305,0.0024449877750611,0.0012224938875305,0.0354523227383863,,0.0256723716381418,0.011002444987775,0.0097799511002444,0.0330073349633251,0.1002444987775061,0.0024449877750611,0.4474327628361858,0.0342298288508557
2023,40.63,43.95,18.2,55.0,44.0,62%,56%,46%,35.0,59.0,41.0,808075.0,76.0,24.0,32.0,5.0,93.0,95.712,774873.0,18.5,93,0.0171717171717171,0.0111111111111111,0.0111111111111111,0.0101010101010101,0.0151515151515151,0.008080808080808,0.0121212121212121,0.0161616161616161,0.0111111111111111,0.007070707070707,0.0121212121212121,0.009090909090909,0.0111111111111111,0.0101010101010101,0.0151515151515151,0.008080808080808,0.0111111111111111,0.007070707070707,0.0121212121212121,0.004040404040404,0.0171717171717171,0.008080808080808,0.0141414141414141,0.0111111111111111,0.0111111111111111,0.0141414141414141,0.0111111111111111,0.0171717171717171,0.0121212121212121,0.0101010101010101,0.009090909090909,0.0121212121212121,0.0232323232323232,0.0141414141414141,0.0151515151515151,0.0181818181818181,0.0161616161616161,0.0141414141414141,0.0161616161616161,0.0151515151515151,0.0222222222222222,0.0151515151515151,0.0252525252525252,0.0242424242424242,0.0171717171717171,0.0181818181818181,0.0151515151515151,0.0212121212121212,0.0212121212121212,0.0131313131313131,0.0151515151515151,0.0151515151515151,0.0262626262626262,0.0111111111111111,0.0222222222222222,0.0171717171717171,0.0191919191919191,0.0191919191919191,0.0151515151515151,0.0181818181818181,0.0121212121212121,0.0151515151515151,0.0212121212121212,0.005050505050505,0.008080808080808,0.0131313131313131,0.007070707070707,0.009090909090909,0.0101010101010101,0.003030303030303,0.006060606060606,0.007070707070707,0.005050505050505,0.001010101010101,0.002020202020202,0.002020202020202,0.001010101010101,0.001010101010101,,,,,0.0039643211100099,0.4410307234886025,0.0445986124876114,0.5044598612487612,0.0059464816650148,0.2537165510406343,0.0099108027750247,0.2210109018830525,0.2170465807730426,0.2983151635282458,0.0039643211100099,0.5074331020812686,0.1278493557978196,0.0059464816650148,0.354806739345887,0.0346878097125867,0.0019821605550049,0.4588701684836472,0.0069375619425173,0.4915758176412289,0.0059464816650148,,0.0713577799801783,0.3627353815659068,0.4360753221010902,0.1268582755203171,0.0029732408325074,0.0079286422200198,0.33201189296333,0.5887016848364718,0.0039643211100099,0.0673934588701684,0.2725470763131813,0.0049554013875123,0.0059464816650148,0.5203171456888008,0.1962338949454906,0.0019821605550049,0.423191278493558,0.3310208126858275,0.240832507433102,0.0029732408325074,,0.554013875123885,0.0158572844400396,0.1337958374628345,0.0009910802775024,0.2953419226957383,0.0118929633300297,0.0019821605550049,0.3072348860257681,0.2130822596630327,0.2784935579781962,0.1873141724479682,,0.2777777777777778,0.107070707070707,0.1565656565656565,0.1787878787878788,0.2797979797979798,,,,,,0.0036452004860267,0.0036452004860267,0.0012150668286755,0.008505467800729,0.267314702308627,,0.0036452004860267,0.0048602673147023,0.0012150668286755,0.0376670716889428,,0.0243013365735115,0.0097205346294046,0.0024301336573511,0.0279465370595382,0.0899149453219927,,0.465370595382746,0.048602673147023
2024,42.17,53.6,,,,,,,,,37.0,815554.0,77.0,23.0,29.0,6.0,94.0,96.82,781865.0,18.1,90.8,0.0090361445783132,0.0130522088353413,0.0100401606425702,0.0070281124497991,0.0080321285140562,0.0060240963855421,0.0080321285140562,0.0090361445783132,0.0110441767068273,0.0100401606425702,0.0060240963855421,0.0060240963855421,0.0130522088353413,0.0120481927710843,0.0120481927710843,0.0070281124497991,0.0080321285140562,0.0130522088353413,0.0060240963855421,0.0090361445783132,0.0140562248995983,0.0120481927710843,0.0110441767068273,0.0120481927710843,0.0160642570281124,0.0180722891566265,0.0110441767068273,0.0150602409638554,0.0140562248995983,0.0120481927710843,0.0120481927710843,0.0160642570281124,0.0190763052208835,0.0080321285140562,0.0180722891566265,0.0100401606425702,0.0090361445783132,0.0200803212851405,0.0110441767068273,0.0090361445783132,0.0160642570281124,0.0150602409638554,0.0240963855421686,0.0200803212851405,0.0251004016064257,0.0261044176706827,0.0180722891566265,0.0341365461847389,0.0271084337349397,0.0210843373493975,0.0180722891566265,0.0220883534136546,0.0291164658634538,0.0180722891566265,0.0230923694779116,0.0190763052208835,0.0180722891566265,0.0311244979919678,0.0090361445783132,0.0150602409638554,0.0150602409638554,0.0150602409638554,0.0160642570281124,0.0100401606425702,0.0100401606425702,0.0100401606425702,0.0100401606425702,0.0100401606425702,0.0070281124497991,0.0040160642570281,0.0040160642570281,0.001004016064257,0.002008032128514,0.001004016064257,0.002008032128514,,,,,0.001004016064257,,,0.0324803149606299,0.4192913385826771,0.0413385826771653,0.483267716535433,0.0236220472440944,0.2411417322834645,0.0049212598425196,0.2224409448818897,0.2460629921259842,0.2854330708661417,,,,,,0.0226377952755905,0.0177165354330708,0.451771653543307,0.0226377952755905,0.4694881889763779,0.0157480314960629,0.0039370078740157,0.0866141732283464,0.375,0.4104330708661417,0.1210629921259842,0.0029527559055118,0.0216535433070866,0.3661417322834646,0.5482283464566929,0.0098425196850393,0.0541338582677165,0.3001968503937008,0.0216535433070866,0.0078740157480314,0.4507874015748031,0.2194881889763779,0.0187007874015748,0.4104330708661417,0.3474409448818897,0.218503937007874,0.0049212598425196,0.0029527559055118,0.5206692913385826,0.0206692913385826,0.1200787401574803,0.0019685039370078,0.3336614173228346,,,,,,,,0.2751744765702891,0.0817547357926221,0.1635094715852442,0.1515453639082751,0.3280159521435692,,,,,,0.0023952095808383,,,0.0083832335329341,0.2766467065868263,0.0011976047904191,0.0119760479041916,0.0035928143712574,0.0011976047904191,0.0239520958083832,,0.0179640718562874,0.0119760479041916,0.0047904191616766,0.0275449101796407,0.0826347305389221,0.0023952095808383,0.4886227544910179,0.0347305389221556
2025,,,,61.0,35.0,74%,64%,46%,39.0,56.0,35.0,,72.0,28.0,29.0,6.0,,,,,,0.0030581039755351,0.0071355759429153,0.0050968399592252,0.0122324159021406,0.0112130479102956,0.0081549439347604,0.0020387359836901,0.0081549439347604,0.0081549439347604,0.0173292558613659,0.0122324159021406,0.0122324159021406,0.0101936799184505,0.0071355759429153,0.0101936799184505,0.0112130479102956,0.0132517838939857,0.0050968399592252,0.0091743119266055,0.0112130479102956,0.0163098878695209,0.0101936799184505,0.0152905198776758,0.0091743119266055,0.0071355759429153,0.0081549439347604,0.0101936799184505,0.0163098878695209,0.0101936799184505,0.0152905198776758,0.0173292558613659,0.0152905198776758,0.018348623853211,0.0152905198776758,0.0142711518858307,0.0122324159021406,0.0142711518858307,0.019367991845056,0.0173292558613659,0.0091743119266055,0.0173292558613659,0.0173292558613659,0.0285423037716615,0.0122324159021406,0.0244648318042813,0.0214067278287461,0.018348623853211,0.0214067278287461,0.0214067278287461,0.0254841997961264,0.0203873598369011,0.0152905198776758,0.0275229357798165,0.0152905198776758,0.0203873598369011,0.0203873598369011,0.0265035677879714,0.0112130479102956,0.0173292558613659,0.0254841997961264,0.0163098878695209,0.0081549439347604,0.0142711518858307,0.0163098878695209,0.018348623853211,0.0122324159021406,0.0112130479102956,0.0071355759429153,0.0071355759429153,0.0061162079510703,0.0030581039755351,0.0061162079510703,0.0040774719673802,0.001019367991845,0.0030581039755351,0.001019367991845,0.001019367991845,,,,,,0.028942115768463,0.3832335329341317,0.030938123752495,0.5399201596806387,0.0169660678642714,0.2654690618762475,0.0049900199600798,0.1916167664670658,0.2465069860279441,0.2914171656686626,,,,,,,,,,,,0.0069860279441117,0.0898203592814371,0.3662674650698603,0.4031936127744511,0.1307385229540918,0.0029940119760479,0.0189620758483033,0.3223552894211577,0.6187624750499002,0.0079840319361277,0.0319361277445109,0.3023952095808383,0.0129740518962075,0.0049900199600798,0.5728542914171657,0.1067864271457085,0.0079840319361277,0.3882235528942115,0.3812375249500998,0.217564870259481,0.0049900199600798,,0.5459081836327345,0.0169660678642714,0.1007984031936127,0.0019960079840319,0.3343313373253493,0.0249500998003992,0.0069860279441117,0.3353293413173652,0.1816367265469061,0.3193612774451098,0.1317365269461078,,0.3032128514056225,0.071285140562249,0.1867469879518072,0.1516064257028112,0.28714859437751,,,,,,,0.0025062656641604,0.0012531328320802,0.0050125313283208,0.2781954887218045,,0.0025062656641604,,,0.0426065162907268,,0.0137844611528822,0.006265664160401,0.0075187969924812,0.031328320802005,0.1152882205513784,,0.4611528822055137,0.0325814536340852
